text_num,time,text,label
1,19/01/01 00:00,와 ocn에서 아이언맨3 하는데 12:00에 맞춰서 해피뉴이어 나왔어쩔어대박,1
2,19/01/01 00:01,부산대 여러분! 모두 새해 복 많이 받으세요~~~😊😊😊,1
3,19/01/01 00:04,새해복 마니 바드세요! 드디어 20살!,1
4,19/01/01 00:05,2019 복 많이 받어,1
5,19/01/01 00:08,올해는 행복한 일들 가득하세요!!!!,1
6,19/01/01 00:11,우리 부산대 학우분들 올해도 모두 잘되길..!학점도 잘 나왔으면 좋겠당 ㅎ 파이팅~! 💕,1
7,19/01/01 00:20,9급 7급 공무원 준비하려고 하는데 7급 준비하면서 9급 치는게 나을까 아니면 빡세게 9급 준비할까 고민된다 한게 없어서,1
8,19/01/01 00:21,여러분 사라매요 올해는 뭐든지 잘되시길 진심으로 바랍니다요!! 사래매요 부산대 학우여러부운!!!! 싸라해!!!2019 잘되보즈아~~~~~캬캬캬캬캬캬ㅑㅑㅑㅑ캬ㅑㅑ!!!!적게 노력하고 크게 성공하세요 모두!!!’싸라해!!!!!!!❤️,1
9,19/01/01 00:33,갠톡 새해인사 하나도없는 내 인생이 레전드내가 보낸다 슈바,1
10,19/01/01 00:36,새해 첫 선곡 ㅎㅎ 노래가좋아❣,1
11,19/01/01 00:39,궁금한거 코스모스가 plms인가여??,1
12,19/01/01 00:47,올해도 잊지마십셔 77ㅓ어어어억,1
13,19/01/01 00:52,야밤에 치맥가능한 치킨집 아시는분~ 부대쪽도 괜찮고 장전역이나 북문 근처면 더 좋아여!,1
14,19/01/01 00:54,엊그제 20이였는데 벌써 22여,1
15,19/01/01 01:04,진리관 식사변경 계절엔 안 하나요 밥 멉고시포요..,1
16,19/01/01 01:07,지금 새해인사하면 뒷북인가 쿵짝,1
17,19/01/01 01:09,새해 첫 노래 니가 너무 보고 싶은 날엔~너무 견디기 힘든날에는~너를 사랑한다 입가에 매~햄돌아혼자 다시 또 missing for you새해 처음으로 아무 이유없이 흥얼거린 노래,1
18,19/01/01 01:16,좋아요를 누르는 습관을 들여봅시다 여기서 연습해봐요,1
19,19/01/01 01:16,내 몸 ㅁㅌㅊ? 허리디스크 + 치질 + 눈병ㅅㅂ ㅈ같네,1
20,19/01/01 01:19,올해 이루어졌으면 하는 소원 있어?? 여기 적고 꼭 이뤄졌으면 좋겠어 ><,1
21,19/01/01 01:22,벨로스터N 가지고 있는 렌트카회사없나 수동차량 급 땡기네,1
22,19/01/01 01:36,새해 복 많이 받으세요!! 기념으로 그린 이브이,1
23,19/01/01 01:36,아는 여동생이 부대 이과 중하위? hot게 입결기준으로 해양학과 조선과랑 비슷한 라인에 있는 과 버리고취업안된다고 듣보 4년제 간호학과 갔는데내가 문과라 그런지 이해가 잘 안돼서... 이과는 역시 대학보다 과인가??,1
24,19/01/01 01:55,축구 왜이러냐 새해부터... 답답 그 자체네,1
25,19/01/01 01:57,새해인사 왜 하는거임? 걍 가식이라고해야하나 그냥문화?20명넘게왔는데 난 이거 왜 하는지 모르겠음,1
26,19/01/01 01:57,떡볶이..ㅠㅠㅠㅠㅠ!!!!!!!! 나진짜 꾸덕꾸덕한 빨간양념에 가래떡같이 굵은 떡으로 만든 시장떡볶이 좋아하거든!!부산에서 제일 맵고 딱 위에 스타일 같은 떡볶이집은 오디이쑬깡?알려줘~~,1
27,19/01/01 01:57,계절 수업안하죠? 아니 마이피누에 누가 수업한다고 댓글달아서 사람 헷갈리게함ㅡㅡ,1
28,19/01/01 02:00,성적 성적 보통 오전 몇 시에 떠요?,1
29,19/01/01 02:07,4.0이면 학괒몇등쯤할까 진짜궁그매서,1
30,19/01/01 02:12,룽게 성우 목소리 지리네.. https://youtu.be/W7ZLRiuWKUI,1
31,19/01/01 02:40,갤주식 창법으로 허니부르다가 목이나가버렸다,1
32,19/01/01 02:43,무한의 성적 영창 성적은「F」로 되어있다 ー,1
33,19/01/01 04:05,기계과 공기업 서울쪽 근무하는곳 어디어디 있을까요??ㅎㅎ공기업이 아니라도 괜찮습니다,1
34,19/01/01 04:33,지금 안자는 사람? https://open.kakao.com/o/gTKang9,1
35,19/01/01 05:43,부산대역->다대포해수욕장 방향 지하철 벤치에서 주웠어요 주인 찾아주세욤ㅁ,1
36,19/01/01 06:04,생식기 때버리고 십다 어차피 안 쓰자너~,1
37,19/01/01 08:11,새해복들 많이 받아라 난 일출보고 떡국먹을거다,1
38,19/01/01 09:08,2018년의 마지막 달과 2019년의 첫 해 얼어죽는다 얼어죽어,1
39,19/01/01 09:35,기컴프 1등 차이로 B ㅠㅠ 준상대여서 A 기대했거만..ㅜㅜ 학점 폭망삘,1
40,19/01/01 09:38,런닝 맨은 농담이고 런닝 할때 걷기 5분 뛰기5분을 한세트로 잡고 40분정도 하는데 살빼는데 도움이 될까요?,1
41,19/01/01 10:18,혹시 오늘 프린트할수있는곳 있을까요 ? ㅠㅠ 복사집은 다 문닫았을거 같은데 ㅠ 중도옆은 열었을까요 .. ?,1
42,19/01/01 10:18,영화와비프 영상과제 뒷북이지만 교수님한테 영상과제 답변옴.. 온지 좀 된거같은데 겁나 대충만들어서 확인하기가 무섭다ㅠ,1
43,19/01/01 10:53,대학와서 최악의 수업을 만나서 넘 짜증나더라고요. 보통 전 강의 고를때 제 촉을 믿는데이제 안 믿으려고 합니다너무 억울한게 족보 도는걸 몰랐는데 사람들은 그걸 알았는지 수업도 안듣고거기다 교수님이 출석도 안부르니 수강인원 절반이 안들어옵니다 젤 억울했던게 그런 사람들 시험날에만 딱 나타나더니 족보 슥보고 고득점 챙기고아니 어떻게 수업시간에 들은 사람과 시험날만 온 사람이 똑같이 취급 받을수 있는지..교수님 성격 좋으면 뭐하는지성적 날렸고 시간 날려서 넘나 빡칩니다설마 경제학과에 이 교수님이 그러겠어 했어? 사대장 아니니 괜춘 이렇게  맘먹었다가 시험치고 기분 완전 잡쳤습니다경제학과에 은근 지뢰가 많네요부전공 포기하렵니다,1
44,19/01/01 10:54,카이랑 제니랑 사귄대 명품끼리 사귀네 잘 어울려 멋져,1
45,19/01/01 11:22,오늘 건도 하나요? ㅈㄱㄴ,1
46,19/01/01 11:29,졸업 2학기 듣고 계절 들었을때 그 해 졸업 가능한가요??겨울계절 들으면 다음해 여름에 졸업하는건가요??,1
47,19/01/01 11:29,알려줄사람.... 아이폰 8 이후로 후속작(?)들이 어떻게 되는지 순서대로 알려줄사람 ㅠㅠ xr도 있고 xs도 있고 x도 있는거야? x가 아이폰10인 것도 어제 처음알았어.. 그럼 아이폰 9는 어디로 사라진거야?이렇게 시대에 뒤쳐지다니 😔,1
48,19/01/01 11:30,전여친이 프사 안지우는 문제 헤어진지 1년이 다되가는데같이 찍은 프사를 안내려요 ㅠㅠ다른 프사에 가려서 한참 뒤에 가야 나오긴한데새남친도 생겼는데 왜 안내릴까요첨엔 알아서 내리겠지 했는데 지금까지도 안내리네요..직접 카톡해서 내려달라고 해야되나요?,1
49,19/01/01 11:32,국문 부전 신청 날짜 복전 신청 날짜랑 같나요??찾아봐도 복전만 있는것 같아서요ㅠㅠㅠㅠ부전도 면접 보나요??ㅠㅠㅠㅠㅠ,1
50,19/01/01 11:37,사범대 현실 에휴...,1
51,19/01/01 11:39,인문대 2017 취업률 .,1
52,19/01/01 11:41,망해가는 기계과 한해 지날때마다 앞자리가 바뀌는기적!,1
53,19/01/01 11:49,경영 ㅇ,1
54,19/01/01 12:09,화계학원리 ㄱㅈㅇ교수님 휴강 하시나요 오늘?,1
55,19/01/01 12:12,삼반수 괜찬ㄹ다고 생각?남자/여자 별로 마지노선 어떻게 생각하는지 궁금..남자는 사수 여자는 삼수 까지 괜찮 이런거!!( 막 쓴거니 남녀갈등 댓글 달지말고),1
56,19/01/01 12:13,약간 좀 노어이 ??,1
57,19/01/01 12:17,그 백팩말고 옆으로 매고 다닐거 사려는데이름이 뭐지?? 뭐라고하드라,1
58,19/01/01 12:23,내일 웃으면서 성적 확인 할 수 있기를 제발..,1
59,19/01/01 12:31,7급 공무원 vs 공사공단 둘중 뭐가 더좋은지 짧게 이유도..ㅜㅜ,1
60,19/01/01 12:33,3pop 오늘 쓰리팜 하나요??,1
61,19/01/01 12:42,상의탈의한 성소 수자,1
62,19/01/01 12:47,전컴취업률올려주실분 들어가보기 귀찬은대...,1
63,19/01/01 12:52,오늘건도하나요? 아는분 알려주세오ㅜ,1
64,19/01/01 12:59,배리나 바이임? 여기서 바이는 양성애자,1
65,19/01/01 13:02,마이러버 에타밖에 안하는데 마이러버 어케 하는거? 그냥 조건 설정하고 맞는사람 매칭인가,1
66,19/01/01 13:11,경영 취업세부현황은 어찌됨 대기업 중소기업 공공기관 등,1
67,19/01/01 13:16,아이린 어떻게 그렇게생겼지 좀 말이안되게 이쁜데;; 사람의 경지를 넘은거같음,1
68,19/01/01 13:26,손목 뒤로 꺾은채로 힘주면 손날쪽 손목이 대따아픈데 꺾는거 아니어도 그냥 뭐 무거운거 들거나 힘이 많이들어가면 손날쪽에 손목이 잡아찢는거같다ㅠㅠ 힘안넣고 돌리는건 괜찮은데 이거 뭐가 문제일까,1
69,19/01/01 13:30,22살이라니 22살이라니 어 채팅 왜 2번 쳐지죠?어 채팅 왜 2번 쳐지죠?,1
70,19/01/01 13:45,계절학기 화2 휴강? 12월 31일하고 1월1일 둘다 휴강 맞아요??? 31일날 휴강인줄알고 안갓는디...오늘도 수업안하네,1
71,19/01/01 13:53,배고픈데 뭐 먹을까 학교근처나 광안쪽 맛집 추천해줄래!! 자취방인데 배고프다 뭐시켜먹을까 아니면 나가서 먹을까1.1이기도 하고 해서 광안리까진 갈 의향 있어!맛집좀 추천해주세요!!!!,1
72,19/01/01 13:55,정시 제 아는 사람이 정시를 지원할려고 하는데 원래 정시는 막판에 많이 넣는건가요? 저는 수시로 와서 잘 모르겠네요ㅠㅜ,1
73,19/01/01 14:06,우리워녕이 일본방송 나온거좀 봐여 너무이뻐 흑흑 이쁜 우리원영이 오늘 16살 됐어요ㅠㅠ,1
74,19/01/01 14:07,새해엔꼭 하고싶은거!!!,1
75,19/01/01 14:13,대외활동 발대식 대외활동 발대식 불참시 합격 취소 라는문구가 있는데불가피한 사유라도 무조건 합격취소되는걸까..?,1
76,19/01/01 14:17,책 추천 대학생이 읽을 만한 책 추천 해주세요🙃사고력이 깊지 않은 관계로 너무 어려운 책 말고요ㅎㅎ유리멘탈이고 스트레스도 많이 받아서 자존감높여주거나 힐링되는 책도 좋아용인생 책 한 번만 추천 부탁드려요!,1
77,19/01/01 14:22,맘시터 알바 맘시터 알바 해본 사람들 있어? 애기 돌보는 거,1
78,19/01/01 14:34,오늘 건도 문 여나요? 제곧내!,1
79,19/01/01 14:38,다른과 취업률 못봐? 내 동생이 이번에 정시넣거든. 확인시켜주려는데 여기서 뭐 눌려야 타 과 보여? 자기과 밖에 못보는건가,1
80,19/01/01 14:55,"보통 남자들 안경 안쓰는게 낫나?? 물론 잘생긴 사람은 뭘해도 잘생겼겠지만,,",1
81,19/01/01 15:11,18학번인데 2학년 1학기부터 복전가능?? 복전 신청하는방법이 잘 이해가 안되성..ㅜ,1
82,19/01/01 15:22,복전 전체평균평점 보는곳 어디어디죠 문관데 경영말고 다른데 아시는분 있으묜 알려주새요,1
83,19/01/01 15:24,복수전공 자기과에서 타과 복수전공 할 수 있는 인원도 제한되어 있나요?,1
84,19/01/01 15:30,오늘 도서관 문여는곳있음? ㅈㄱㄴ,1
85,19/01/01 15:36,중동 밴드부 개인소유 악기 있어야 들어갈수있나요?? 일렉이나 베이스요!,1
86,19/01/01 15:46,그 취업률에 공무원된것도 다 포함된거?? ㅈㄱㄴ,1
87,19/01/01 15:48,마이피누 강의후기 쓰기 기간 언제까지인가요??,1
88,19/01/01 15:50,주먹왕 랄프 보고싶다 근디 혼자보긴 싫어 ㄷ..,1
89,19/01/01 15:57,자취하시는 분들 월세 얼마 내세요?,1
90,19/01/01 16:02,거 개새끼 주댕이 좀 묶으쇼 진리관 사는 것도 서러운데..,1
91,19/01/01 16:16,"(급구) 2월 오사카 여행하시는 분들!! 숙소(호텔) 양도합니다ㅠㅠㅠ 2월 13일 체크인/2월 14일 체크아웃 이구요오사카 난바역 근처에 위치한 호텔입니다. 도톤보리까지 걸어서 15분입니다원가는 17만원인데 저희는 할인 특가로 132,560원에 구매했고, 네고 해서 12만원으로 양도하겠습니다ㅠㅠㅠ싱글 침대 4개에 싱글 사이즈 요 이불 4개로 최대 8인까지 수용 가능하구요TV, 냉장고, 전자레인지, 가스레인지 전부 다 있습니다!HG 코지 호텔 넘버.354-2-20 Nipponbashi, 오사카, Osaka, 556-0005익스피디아에서 결제했고, 저희가 만나서 여권으로 체크인 다 해드리고 갈게요일행 중 한명이 급한 사정이 생겨서 다른 곳으로 이동해야 되는 상황이 발생했는데할인 특가라서 예약 취소가 안된다고 하더라구요ㅠㅠㅠ관심있으신분들 쪽지랑 연락 주시면 감사하겠습니다ㅠㅠㅠ",1
92,19/01/01 16:25,멜론 같은거 가격 좀 올랐던데싸게 듣는 방법 아시는 분 ㅠㅠ스트리밍만 할거예요 ㅠㅠ,1
93,19/01/01 16:40,공대 학점 문의좀요ㅜㅜ 1학년때 12.5학점듣고 성적 2.5정도인데 2학년 끝날때까지 풀계절 하면 얼마나 가능한가요?(전화기중 하나입니다),1
94,19/01/01 17:15,중고나라 사기꾼 족치는 방법좀여 진짜 죽이고 싶네,1
95,19/01/01 17:18,스마트폰으로 출석체크 어떻게 하나요? plms에 교수님이 고유번호 띄워놓으면폰으로 자기가 입력해서 출석체크하는 건데plms 홈페이지 들어가봐도 안 보이네요 ㄷ,1
96,19/01/01 17:22,계절 스페인어 존나 어렵고 잠오는데 나만 그런거냐?,1
97,19/01/01 17:23,계절 일물1 백광윤교수님 수업 내일 과제 있나요ㅠㅠ 어제 수업을 못갔는데 과제있나요 내일까지 제출해야할독강이라서ㅜㅠㅠㅠㅠ흐엉오전수업이에요ㅠㅠ,1
98,19/01/01 18:14,학원 알바 어디서 구하셨나요 다들 ㅈㄱㄴ,1
99,19/01/01 18:20,성적 교수상담 상담은 했는데 상담신청 까먹어서 내일 교수님께 상담여부 바꿔달라하면 성적 열람 가능한가요?ㅠㅠ,1
100,19/01/01 18:36,추위 잘 안타는데 주유소알바 에바일까,1
101,19/01/01 18:43,동생 사범대 갈거라는데 취업률이 인문대보다 낮네;;,1
102,19/01/01 18:44,고토 끔찍해 계절 괴로워,1
103,19/01/01 18:57,돈남는거 어디다 넣어두냐 펀드? 적금? 예금?? 펀드했다가 30만원 날아갔다....,1
104,19/01/01 19:05,괜히 공란이라서 찝찝하네요 ㅠㅠ 29일 토욜인데 토욜 수업 없거든요..? 아니면 나몰래 수업을 하나..?,1
105,19/01/01 19:11,건도노트북 아예안된다고 붙여있나요? 친구말로는 창가쪽은 ㄱㅊ다고하던데 콘센트없어서 안된다는건지,1
106,19/01/01 19:12,강의평가 익명인거 확실하지? 확실?,1
107,19/01/01 19:14,내가 좋아하니깐 저쪽에서도 날 점점 좋아해주는게 느껴진다. 너무 달달행,1
108,19/01/01 19:18,부대역 앞 다이소 오늘해요?ㅠ 하면 언제까지?ㅠㅠㅠㅠ,1
109,19/01/01 19:32,길리안 초콜릿 너무 맛있다 인생초콜렛이에요,1
110,19/01/01 19:42,새해 일출보고 왓서요 진짜 추워디질뻔했는데 좋긴좋네여다들 올한해도 화이팅~~,1
111,19/01/01 19:43,오사카-교토-고베 가보신 분들!!! 교토 고베 각각 하루씩 잡을지 하루에 둘다 갈지 고민듕이에여 가보신분들 의견좀 나눠주세용><,1
112,19/01/01 19:52,군대갔다가 복학하면서 부전공 시작할거면 미리 신청하는게 좋지? 갔다와서 할려면 바빠서 못할거같은데 좀 힘들겠지?,1
113,19/01/01 19:53,싸강 출석률 올 백프로 되면 얼마나 뿌듯할까 헤헿 뿌듯,1
114,19/01/01 19:54,내 친구 4.5인데 넘 자랑스럽다 자극되고 나도 열심히 살아야지,1
115,19/01/01 20:11,군대 해군 운전병 어떤가요?!?,1
116,19/01/01 20:16,중고등 문과 사회 영역 과외 필요하신 분 없나요😭,1
117,19/01/01 20:20,싸강 창 켜놓고 웹서핑해도 출석 인정 되냐? ㅇㅇ?,1
118,19/01/01 20:27,컴공의 진로가 어떻게 되나요? 다양한 진로 좀 알려주세요,1
119,19/01/01 20:27,일본영화추천해주세여 !!,1
120,19/01/01 20:42,인스타 인스타 서로 팔로우 안 한 상태에서 내가 다른 사람 프로필 스토리 봤는데 그 사람이 내가 본거 알아?,1
121,19/01/01 20:46,계절학기 고토 w하는사람 있나요,1
122,19/01/01 20:49,짝사랑은 정말 마음고생이다,1
123,19/01/01 20:50,ㄱㄷㅈ 교수님 고토 들으시는 분들 내일 토론 어떻게 진행된다는건가요...토론에 대한 설명을 제대로 안 해주시지 않았나요? 123조 찬성 567 반대측 이렇게 다 같이 토론한다는 소리 맞죠? 그럼 입론은 누가하며....뭐가 뭔지....다들 어떻게 진행되고 있어요ㅠㅠㅛㅠㅠ,1
124,19/01/01 20:55,컴사  이민경 교수님 과제 자료 없는데 어떻게 과제하나요? 그냥 자동차 낼까요...??,1
125,19/01/01 20:56,성적 12시에 땅하고 뜨는 건가욤? 제목이 곧 내용,1
126,19/01/01 21:01,간발의차로 30퍼 못들어가네... 무슨 과제 최저점이 9점이고 최고점이 10점이야ㅋㅋㅋㅋㅋ 괜히 열심히썼네ㅅㅂ 다신 그 교수꺼 안듣는다,1
127,19/01/01 21:04,나 남잔데 엑소 Love shot 영상보고 카이한테 빠짐 뭔가 좋아하는건 아닌데 나도 저렇게 되고싶다??,1
128,19/01/01 21:15,고토 책읽어야하는데 분량 개많네 ㅅㅂ 언제 다 읽냐,1
129,19/01/01 21:19,귀 귀가 계속 욱신욱신거리면 이비인후과 가봐야겠져?,1
130,19/01/01 21:23,tpc 센터 환급 받아보신분 입금까지 얼마나 걸렷나요?,1
131,19/01/01 21:39,성적? 내키지는 않지만 한 번 보아는 줄게,1
132,19/01/01 21:44,성적열람 궁금한게 있습니닷 과목 하나만 강평안하면 그과목만 성적열람이 제한되는건가요 아니면 모두 제한되는건가요?,1
133,19/01/01 21:49,지도교수 상담안하면 성적 절대 못봄?? ?,1
134,19/01/01 21:55,성적 몇시에떠요?,1
135,19/01/01 22:04,스트레스 어떻게 푸세요? 항상 시험전에 스트레스가 너무 극심해져서 고민이에요 게다가 요즘은 자격증이나 취업걱정때문에 더 고민이 많아지고있네요 어떻게 다들 극복하시는지 궁금합니다!,1
136,19/01/01 22:04,원래 1.2라고 날짜 써줬나?? 아닌 거같아서 ㅠ 혹시 이번에만 그런거라면 12시 땡하고 풀어주려는.걸까!!,1
137,19/01/01 22:08,2일 시험 성적보다 앰맥 9집  circular나오는게 더 싄나~~하루살이이ㅣ이ㅣㅣㅣㅣㅣ,1
138,19/01/01 22:09,요즘 학교근처 맛집 웬만한데 다가봤는데 각자 인생맛집있음 추천좀해죠!!!!!,1
139,19/01/01 22:17,계절학기 장점이 뭐야?,1
140,19/01/01 22:21,삼수하고 들어왔는디 지나간 시간이 넘 아까워서 ㅠㅠ좀 학기 빨리 패스? 하는 방법 있나요? 시작은 늦었으나 끝은 비슷한..그런 느낌,1
141,19/01/01 22:23,자취하는데 열나고 아퍼....내일 수업 진심 가기싫다......,1
142,19/01/01 22:28,부전공하고 싶은데 성적 낮아도 신청해보는게 낫겠죠? 학점이.. 전부인가여..?,1
143,19/01/01 22:35,복수전공 신청 학교 직접 가야해요??,1
144,19/01/01 22:41,부전공이랑 복전 큰 차이있나요?? + 부전공이나 복전들으시는 분들은 왜 들으시는거에요?? 취업목적인가요?? 아니면 흥미?,1
145,19/01/01 22:44,"토익 토익900점 초반으로 할 수있는 대외활동이나 교환학생,인턴십 프로그램 추천좀해주세요ㅠㅠ",1
146,19/01/01 22:52,넷플 4인팟 갈사람 읎나 ㅈㄱㄴ..할사람?,1
147,19/01/01 22:57,적폐를 고칠래너만 이용할래물으면나만 이용한다는 사람이 훨 많겠지족보나 기타 등등,1
148,19/01/01 23:07,우리 친구들 오늘 푹 자고 내일 기분 좋게 A+ 가득한 성적표를 보자!!이 글에 관연된 사람들은 전부 A+맞는 걸로 하자 알겠지?그럼 꿀잠~! (교수님 A+ 주실꺼죠? 🥺🥺 🙏🏻),1
149,19/01/01 23:11,훠궈 한번도 안먹어봤는데 대만가서 첨 먹어보려고 하는데 맛있을까요? 훠궈 맛있나유?,1
150,19/01/01 23:12,고1 노베 수학인강 추천 좀 해주라 아는게 삽자루 현우진 밖에 없는데 삽자루는 뭔일이 났네현우진은 나 재수할때 들었어서 노베에 맞을지 모르겠어ㅠㅠ,1
151,19/01/01 23:15,마이러버 다신 안한다 ㄹㅇ키만큰사람이고,1
152,19/01/01 23:16,잠만보 배빵빵,1
153,19/01/01 23:17,스노우보드 제가월욜첫수업을못들었는데ㅣ....낼 9시수업가야되나요? 제발도와주세요ㅠㅠ!,1
154,19/01/01 23:19,최저임금 오늘부로 인상인가요..?,1
155,19/01/01 23:20,곤 돌라,1
156,19/01/01 23:21,곤 살로 이과인,1
157,19/01/01 23:22,"이과 수능 수학 1or2등급 받으신 분들..3등급 짜린데 21,29,30 못풀거... 간간히 20번 이해 못하는 수준인데 공부 커리나 학원 추천좀 해주세요..ㅠㅠㅠㅠ",1
158,19/01/01 23:32,그동안 고마웠어 더 멋진 내가 되어 돌아올께,1
159,19/01/01 23:32,성적 발표 52분 남았다 ㅠㅠ 왜 글삭해요 ..? 진짜 맞죠?,1
160,19/01/01 23:33,스벅 e프리퀀시 나눔 마이피누에서 나눔하고 있길래 저도 그냥 사라지는게 아까워서 나눔 올려요. 다이어리 교환까지 얼마 안남으신 분들께 스티커 나눔합니다!+바코드랑 수량 얘기해주세요!!!!!!ㅋㅋㄲㅋ,1
161,19/01/01 23:35,그럼 12시에 나오는거 구라? 우씨 글쓴이 나와,1
162,19/01/01 23:41,저녁에 먹은 엽떡 베란다에 놔둘까..? 내일 또 먹을건데 쉬려나 ㅇㅅㅇ,1
163,19/01/01 23:42,북문 요거프래소 공부하기 어떰? ㄱㅊ?,1
164,19/01/01 23:42,4.0X 경영복전 넣어봐도 될까요? 정말 하고 싶은데 이번 학기 학점 말아서 이정도 일 거 같으뮤ㅠㅠ,1
165,19/01/01 23:45,나노메카도 자랑 한번 해보겠습니다 축하드립니다~,1
166,19/01/01 23:48,1월 한달동안 원룸 양도할 사람 있나요? 있으면 위치랑 가격 쪽지 주세영,1
167,19/01/01 23:50,52분 글 믿고 기다리고 있는 나 두근두근,1
168,19/01/01 23:54,아니 상식적으로 밤12시에 학사과에서 일을하겠니?,1
169,19/01/01 23:54,학석사 학석박사 통합 연계과정 혹시 뭐하는건지 자세하게 알려주실 수 있나요,1
170,19/01/01 23:55,출근부제출 동계교외근로 출근부언제까지 제출인가요?,1
171,19/01/01 23:58,학교의 마지막 센스를 확인할 시간 2분 전 과연 학점 뜨는거 시간 예약하고 연말 퇴근을 했을지...,1
172,19/01/01 23:59,경영학과는 심화전공 많이 해? 이제 3학년되는데 원하는 과 부전하기에는 성적 모자랄 것 같다 3학년 2학기에 부전 시작하면 늦지않아?,1
173,19/01/02 00:00,성적발표 났어 ?,1
174,19/01/02 00:01,아 진짜 너무한거 아니냐 나 완전 두근두근 설렘설렘 콧구멍 벌렁벌렁 거리면서 쪼끔쪼끔씩 밑으로 내렸는데 진짜 이러기 있냐,1
175,19/01/02 00:01,^^ 글쓴이 나와,1
176,19/01/02 00:03,개땨리고싶다 프로그래밍 이지랄 ㅋㅋㅋㅋ,1
177,19/01/02 00:04,아니 우리 부대 에타인들 너무 순진한거 아니냐... 보자마자 어그로끈다생각했는데ㅋㅋㅋㅋㅋ다들 낼 아침에 확인하세요ㅋㅋㅋㅋ,1
178,19/01/02 00:04,구라쟁이 넌 걸리면 뒤져 니 새끼 새해복따위 개나줘라 줘패버릴까보다순수한 마음으로 믿고 기다렸건만다신 구라못치게 아구창에 양말을 넣어버려야지 망할자식 황금돼지는 개뿔 황금똥이나 먹어라~,1
179,19/01/02 00:06,새해부터 거짓말로 사람들 관심받으니까 좋으세요?언젠가는 다른 데서 그렇게 판 벌리다가 크게 데이는 날이 왔으면 좋겠네,1
180,19/01/02 00:07,이런거 볼때마다 드는생각인데 다 2학기 신입생들이야? 1학기때 학점 안받아봤어??,1
181,19/01/02 00:12,전과 2학년 1학기 이수자~ 이렇게 돼있으면 무조건 1학기 마쳐야 신청가능한거죠?,1
182,19/01/02 00:12,여러분 학점을 보려면 뭐부터해야하는지아세요? 저는 에타에서 글을 안보고 카톡에서 다른 형들이 갑자기 어떤 과목 등급을 말하길래 카톡은 안들어가고 저 몰래 이원스톱 들어가서 금학기를 눌렀는데 엥 열람기간이 아니래요 근데 그제서야 강평해야하는 거 알고 강평했는데 에 또 안열려요?여러분 내일 아침까지 강평 끝내고 확인하세요 ㅠㅠ그나저나 괜히 설렜어 ㅠㅠㅠ,1
183,19/01/02 00:13,내일 성적나오나 벌써부터 떨려뿌노,1
184,19/01/02 00:13,진짜 과동기들 아무도 모르는데 거의 자발적 아싸처럼 행사에 참석도 안하다가 2학기때 휴학하고 이제 다시 복학하려 하는데 친구 사귈수 있...?,1
185,19/01/02 00:14,내일 제발 100점 받았으면 좋겠다 ㅈㄱㄴ,1
186,19/01/02 00:16,경북대 간호 vs 인제대 간호 경북대 간호 vs 인제대 간호어디??,1
187,19/01/02 00:19,재료공학과 전과컷 얼마나 되나요?,1
188,19/01/02 00:23,자고올테니까 성적올려놔라,1
189,19/01/02 00:24,하 전화기갈껄 시불시불 왜 자연대 쳐왔지 좆연대,1
190,19/01/02 00:30,상담안했다. 보고싶다 성적.뚫고싶다 제발.,1
191,19/01/02 00:31,그냥 다음부터는 성적 나오는 날짜에 옆에 몇 시에 나오는지도 알려주면 좋겠다,1
192,19/01/02 00:35,가르마 작은부분 저렇게 딱 붙이려면 뭐써야돼?? 하드왁스에다가 스프레이 떡칠해야하나..,1
193,19/01/02 00:38,부전공할 과사에 가서 상담가능해? 필수로 들어야 하는 과목같은거 물어보고 싶은데,1
194,19/01/02 00:45,학사일정에 나오는 모든 공식 행정업무는 9시이후 그외 다른시간이면 미리 시간 공지함 ex)수강신청모르는 사람들 왤케 많냐,1
195,19/01/02 00:49,"넷플릭스에 매트릭스 있는지 확인해줄수있니,,?",1
196,19/01/02 00:55,재수강 내가 비아니면씨플애매해서 일단 계절중인데 씨플뜨면 계절수강확인옆에 R붙음?,1
197,19/01/02 00:56,나 여자인데 남자친구랑 권태기가 온거같아 남자친구가 정말 잘해주고 정말 좋은 사람이야. 서로가 좋아서 사귄것도 맞고. 근데 좀 오래 사귀다보니까 괜히 짜증내고 친구들이랑 만나면 연락이 늦어지게 되더라.. 미안해서 미칠거같아 남자친구가 좋긴 좋은데 초반처럼 그런 감정은 안들어 ㅜㅜ 권태기같은데 이런건 어떻게 극복해야해 ? 미안해서 미칠거같아,1
198,19/01/02 01:06,토익 책 2016년에 나온걸로 공부해도 될까..? 신토익 반영 돼있고 책은 해커스토익임,1
199,19/01/02 01:09,부전공 신청 신청서를 어디 내야하는건가요?,1
200,19/01/02 01:14,상담 못받았는데 내일 교수님한테 메일로 성적 여쭤보는거 괜찮을까..?지도교수 상담을 못받아서 다른 방법이 없어 이렇게 연락드린다고 이유 밝히면서!!,1
201,19/01/02 01:14,성적문의 메일을 안읽으시는 교수님한테는 문의를 어떻게 드리죠?ㅠㅠ,1
202,19/01/02 01:16,2학년 마치고 군대갔다와서  겨울계절에 복학할수 있어요?? 가능하십니까 행님덜?,1
203,19/01/02 01:18,새해복마니들받으쇼#~~ 다들~~,1
204,19/01/02 01:21,잠오는법 내가배고프면잠이 안옴 6시에저녁먹었는데 지금너무고픈데 오늘이 다이어트1일찬데 고민되네,1
205,19/01/02 01:25,등수는 언제 나옴? ㅈㄱㄴ,1
206,19/01/02 01:29,경통 ㅈㅎㅅ 교수님.. 에프폭격기는 아니시겠죠...? 저희 분반 50점 못 넘으면 F라고 하셨는데 진짜로 다 에프 주시려나요.....? 그거때메 잠이 안 와요ㅠㅠㅠㅠㅠ,1
207,19/01/02 01:37,상담 안해서 성적 뚫는거 16년도까진 가능했음 페이지에서 F12키 눌러서 명령어 살짝 바꾸면 가능했었는데 이 방법으로 마이피누 동물원 형님들이 성적 뚫어주시곤 했었다. 근데 이젠 시스템이 바뀌어서 아예 막혀버림. 괜한 기대 ㄴㄴ,1
208,19/01/02 01:58,속쌍하다 우리엄빠 좀 뭐랄까 교양? ..기본적인 예의있잖아 너무 뭉개서 말했나 암튼.. 그런거 없는거처럼 가끔 행동할때 좀 그렇다 혹시 나도 저런부분이 있나 의심하게되고,1
209,19/01/02 02:00,중복이수 질문 개설과가 달라도 과목명이 같으면 중복이수로 학점인정 안되나요?,1
210,19/01/02 02:00,내 여친은 여자다움이란 말을 혐오하지만나에겐 전통적 남성성을 바라겠지,1
211,19/01/02 02:03,내일이면 홍콩을 떠나는 구나 완탕면이랑 딤섬 한번 더먹구 싶네마카오의 우유푸딩도 정말 맛있었어허점투성이 계획들타지에서의 쓸쓸하고 안타까운 반항한심하군 대학 때려치곤 겨우 이거부산은 여전히 춥겠지혼자 다니는 여행도 나쁘지 않았어다들 잘 자,1
212,19/01/02 02:03,어제자 해축갤 ㅌㅋㅋㅋㅋㅋㅋㅋㅋㅋㅋㅋㅋㅋㅋ,1
213,19/01/02 02:07,나는 진짜 행복해지고 싶어 진짜진짜,1
214,19/01/02 02:07,한동대가 우리학교랑 성적대가 비슷한가? 비슷하면 무슨과 정도 되지?,1
215,19/01/02 02:33,나도오빠있었으면 좋겠다 오빠랑맨날 게임하고 맛잇는거 먹으러가고싶다 뭔놈의집구석에 게임하는게 나밖에ㅓ없어서 나혼자 게임한다고 욕먹음 남동생도 좋은데 ㅠ ㅠ 남자형제 있엇으면 좋겠어 잘해줄수있는데!!!!,1
216,19/01/02 02:43,교직이수 신청 언제? ㅈㄱㄴㅈㄱㄴ,1
217,19/01/02 02:51,복전 서류내는거 학교직접 찾아가서 도장받고 내야하나요?ㅠㅠ,1
218,19/01/02 03:05,요즘 영화 재밌는거 뭐 있나요??,1
219,19/01/02 03:20,교수 상담 질문 2학기 교수 상담 했는데학지시에서 상담신청 버튼 안 누른거같음...이거 과사에 전화하면 해결해주나요?,1
220,19/01/02 03:21,과제를 대충 햇다 재수강하로감 ㅅㄱ,1
221,19/01/02 03:45,열훌 ㄱ딸 후기 1. 피부 좋아짐 (ㄱㄷ 포함)2. 성욕 매우 감퇴됨3. 외부 자극에 의한 흥분 안됨4. 영상의 도움을 받아도 잘 안일어남5. 일단 일어나면 진짜 개딴딴함 크기도 평소보다 커짐6. 몽정할거 같아서 방금 빼고옴7. 존나 안나오는데 나올때도 별느낌 없음열흘뒤에 다시보자 얘드라,1
222,19/01/02 03:56,으아아아아 나는왜 여사친이 없지?,1
223,19/01/02 03:56,교수님 저에게 멀씨를 주실건가요멸시를 주실건가여,1
224,19/01/02 04:06,세상에 여자가어딨음 ㅋㅋㅋ 아직도 여자가 있다고 믿는 흑우없제,1
225,19/01/02 04:22,여자다움을 왜 혐오하지 그게 혐오할일인가... 그냥 난 여성스럽지 않게 살아도 괜찮아 이렇게 살면 될 일 아닌가... 왜 혐오하는거지...ㅠ 나 폰배경 인테리어 옷 화장 등등 다 이쁘고 여성스럽게 꾸미는거 좋아하거든... 요리도좋아하고 취미도 막 집꾸미기 이런건데 그럼 나같은 사람도 혐오대상인가.... 그냥 에타 눈팅하다가 누군가가 여자다움을 혐오한다길래 적어봄... 여자를 혐오하는것도 아니고 여자다움을 혐오하는건 뭘까+진짜 궁금해서 올린거고 여자다움이란 말 자체를 혐오하는거라먼  여자다운게 어차피 취향이나 패션 행동 등으로 정의하는건데 그걸 꼭 혐오까지 할 필요 있냐 물은거였어 누군가는 그걸 좋아해서 하는데 그런 차이를 꼭 혐오할필요 있을까? 댓글이 너무 공격적이라 이글 뮤트하고 갈게 절대 싸우고싶은거 아니었는데 다들 나한테 그럼 파란색입으면 남자냐 이러면서 따지고 웅웅먄먄ㅠ니가 다맞아 하면서 비꼬고 그나마 납득되는건 그걸로인해 자기성별이 부정당하는 느낌이 들었다면 혐오할수도 있다는거 하나밖에 없네... 누굴 패고 싸우고자 올린글도 아닌데 나도모르게 누군가가 패고있고 싸우는 분위기가 된거같네 댓글 너무 다들 날이서있다... 새해부터 기분 상했다면 내가 미안해 난 악의하나도 없었어 이제 댓글 안보니까 화내지마 왤케다들 화나있어.. 그리고 난 위에도 말했다싶이 여성스러운게 좋고 그런옷입는거 기분좋고 행복해 그렇지않으면 남자라는말도 아니고 여자가 꼭 여성스럽지 않아도 괜찮다고 생각해 나처럼 생각하는 사람도 있고 취향이 달라서 그런거일 뿐이니까 다른 의견 다른생각이나 취향을 그렇게 혐오하진 말아줬음 좋겠당~~ 좋은새해보내!!,1
226,19/01/02 04:54,성적 약 4시간전 ㄷㄱㄷㄱ,1
227,19/01/02 06:25,이번달에 일본가는사람 편도얼마에끊었어 참고로 인천이나 김포에서 갈거임 존나 일본뭔데 지금끊을라니까 10만원이넘어 아 개빡친당 김해는7만원이던데 ㅡㅡ 아마자 그리고 오사카갈거임,1
228,19/01/02 06:32,많이 좋아했다 김젠희 행복해라 크흡,1
229,19/01/02 06:59,두시간 남았다 얘드라 ㅠ,1
230,19/01/02 07:36,기다리니까 시간 진짜안가네 왜 6시반에 일어나가지고...성적내놔라 이눔드라!!!교수님은 다 줬는데 왜 너네가안보여줘ㅠㅅㅠ,1
231,19/01/02 07:37,성적 교수상담안했으면 언제쯤나오나요,1
232,19/01/02 07:46,건도 놋열 건도에서 인강볼 수 있는데가 어디~?,1
233,19/01/02 07:49,티비에서 고독한 미식가하네 진짜 잘 드신다. 배고프다. 우마이,1
234,19/01/02 08:03,성적 몇시에 나와? 앙,1
235,19/01/02 08:15,나를 좋아하는 애랑 친구로 지내고 싶은 거 이기적인 거지?걍 칼같지 끊는게 낫지? 아니 왜 좋아하는거지 나를 ㅜㅜ,1
236,19/01/02 08:17,다들 수고했다. 한 학기동안 다들 열심히 달려왔으니좋은 결과가 있을거야,1
237,19/01/02 08:18,교양 교양 4영역 2개 2영역 2개들으면 내마음대로 학점 낮은거 뺄수 있나 ??,1
238,19/01/02 08:19,내 남자가 나보다 돈 못벌어도 괜찮다나는 대기업다니는데 남친은 9급이라도 괜찮다나보다 화장 잘하고 다녀도 좋다일 안하고 집안일해도 좋다는 여자 있나요?,1
239,19/01/02 08:19,수료증명서 수료증명서 언제부터 뽑을 수 있는지 아는사람?그리구 방학때도 과사에 조교님 일하셔?,1
240,19/01/02 08:20,코트 입을까 롱패입을끄 ㅈㄱㄴ,1
241,19/01/02 08:28,데자와 공장에 사람들 대피시켜놓고 핵터뜨리고 싶당.. 그러면 온 세상에서 데자와 비가 내리겠지?😀😀,1
242,19/01/02 08:48,저번학기는 9시 30분경 나왔네요 카톡 보니 그렇..,1
243,19/01/02 08:49,진정한승자는 지금 자고있따,1
244,19/01/02 08:50,일부러 어제 새벽 5시에 잤는데 벌써 눈떠지다니ㅠ 긴장했더니 위아프당ㅜㅠㅠ,1
245,19/01/02 08:51,역시 전에 다니던 대학은 성적 다들 노관심이었는데 반수해서 온 부산대는 다들 성적 발표에 목매네..나도 부대 오기전엔 성적 나오던지 말던지 했는데,1
246,19/01/02 08:53,중앙대 훌리가 뭔소리야 ㅈㄱㄴ,1
247,19/01/02 08:57,한문1 전지원 교수님 이메일 아시는 분 저번부터 메일로 문의하라고 자주 말씀하시는데 메일 주소 찾기가 어렵다ㅠㅠ 학습계획? 같은거에도 없고ㅠㅠ 알고있는 사람 있으면 알려주라!,1
248,19/01/02 09:02,"성적언제떠요..? 몇시에 나오나욤,,?",1
249,19/01/02 09:02,공익들 출근 마무리하고 올린다함 ㅅㅂ,1
250,19/01/02 09:04,금학기 광클하다가 전체성적 조회누르고디랑 씨보고 식겁침 ㅋㅋㅋㅋㅋㅋㅋㅋㅋㅋㅋㅋㅋ깜짝아 ㅋㅋㅋㅋ,1
251,19/01/02 09:05,ㅇ케 4.2  가즈아~,1
252,19/01/02 09:06,강의평가해야 성적조회가능한가요 ㅈㄱㄴ,1
253,19/01/02 09:06,희망의 끈을 놓지말아 화공 가즈아!!,1
254,19/01/02 09:06,전호환 머하냐 ...,1
255,19/01/02 09:08,유튜브 보고오자 칭구들 그러면 시간빨리가자너,1
256,19/01/02 09:10,엥 왜 나 성적열람기간이 아니야?,1
257,19/01/02 09:11,시간강사 파업 PLMS에 올라왔는데 시간강사 파업때문에 성적입력을 연기한다네유... 그래서 시간강사님들 수업 성적은 오늘 안올라올듯...?,1
258,19/01/02 09:11,온제 뜨냐 신경쓰니네 ㅡㅡ,1
259,19/01/02 09:12,그 성적만점이 4.5야 아님 4.3이얌,1
260,19/01/02 09:13,제발 F랑 I만 없게해주세요 ㅜㅜC도안보이면 더좋음 ;),1
261,19/01/02 09:16,떳냐??? ㅈㄱㄴ,1
262,19/01/02 09:16,"제발제발제발 평점 4점대 넘기고, 재수강 과목 없게 해주세요...제발요ㅠㅠㅠ",1
263,19/01/02 09:18,아직 안뜸 ㅎ,1
264,19/01/02 09:21,올A받는꿈꿨당 근데 어차피 재수강 있어서 불가능한 꿈임 ㅎㅎ;,1
265,19/01/02 09:21,"시간 빨리 가게 하는법 1. 네이버에 오늘의 운세 찾아보고 미리 진정하기2. 네이버 tv top100 골라보기. 3. 웹툰 안본거 몰아보기단, 암것도 눈에 안들어오긴함ㅎ",1
266,19/01/02 09:22,담당자왔다 방금 전부 로그아웃시켰네이말은 준비중이라는거,1
267,19/01/02 09:22,전호환 머합니까 성적올리세요,1
268,19/01/02 09:23,강의평가 지금해도되나 까먹고안함,1
269,19/01/02 09:24,교수상담했는데 안됐다고 되어있음교수연구실로 전화해야하나요,1
270,19/01/02 09:25,학점 직선으로만 되어있어라 곡선이런거말구..  옆에 십자가모양붙어있음 더좋구ㅎㅎ,1
271,19/01/02 09:26,제발제발제발제발 c d f만없기를 ㄹㅇ,1
272,19/01/02 09:27,1분마다 새로고침연타 아직도 안나온거 실화....?,1
273,19/01/02 09:27,마 좀 나와라 !!!!,1
274,19/01/02 09:29,다들 AB... 만 기다리는거 보니까 현타오네... 난 학고만 뜨지마라 빌고있는데......,1
275,19/01/02 09:31,성적나올때까지 끝말잇기나 하실분선풍기,1
276,19/01/02 09:31,"와, 심한데?",1
277,19/01/02 09:32,아직도 안나오네 화난다,1
278,19/01/02 09:33,저번학기도10시되서안나왓나 ??,1
279,19/01/02 09:35,ㅇㅔ바쌈바야 ㅜㅜ나오자!!,1
280,19/01/02 09:36,왜안나와 ... ㅠㅜㅜ,1
281,19/01/02 09:36,아니 나만 성적 안기다리는거??? 다들 잘봤나봐....? ㅜ,1
282,19/01/02 09:36,오늘늦게나오는게 강사 시위때문인가...ㅠㅠ,1
283,19/01/02 09:36,태보해 @==(^ 0 ^)@,1
284,19/01/02 09:37,일처리하는꼬라지가 해가거듭할수록 퇴보하네 우리학교는;;,1
285,19/01/02 09:37,이러다 저녁 6시까지 기다릴삘 ㅜㅜ,1
286,19/01/02 09:38,교수상담했는데 안했다고 되어있어서 교수님께 메일 보내긴 했는데..이거 과사에 연락하면 해결해주나요?,1
287,19/01/02 09:38,아나 걍 계절때려치고 본가간다 3월에보자^^,1
288,19/01/02 09:39,강제로그아웃만 몇번 시키는거야 ㅡㅡ,1
289,19/01/02 09:40,로그아웃이 짜증나는 부산대생은 부산대 앱을 이용하도록 하자 제곧내,1
290,19/01/02 09:40,부산대 그이 지금 덴경대 조련하는 양형 수준,1
291,19/01/02 09:40,로그아웃 ㅈㄴ하네 괜히 기대되게 ㅋㅋ,1
292,19/01/02 09:41,로그아웃 왜시키는거야? ^^,1
293,19/01/02 09:41,아니 이렇게 아니 이렇게 늦게발표하면서 미리 다 준비해놓은 상태여야되는거아니냐,1
294,19/01/02 09:42,성적 대체 언제 올라오냐~!~!~!!! 개빡쳐~!~!~!!! 수업 못 듣고 폰 들고 안절부절하네 ㅅㅂ,1
295,19/01/02 09:42,문의해본사람? 전화걸어본사람있나터뜨릴까보다,1
296,19/01/02 09:44,ㅎ 나는 시간강사님들 수업뿐인데 정교수님 수업은 하나뿐인데... 나와도 나오는게 아닌것인가,1
297,19/01/02 09:44,아니 성적 언제 올려주냐 좀 자자 ㅠ 잠온다,1
298,19/01/02 09:45,1학년 성적 중요한가요? 중요하겠지..후..,1
299,19/01/02 09:46,부대 주차비 1시간에 얼마인가요??,1
300,19/01/02 09:46,"교양 에프 받아놓고 기다리는 수준인데 에프 하나가지고 인생 달라지진 않겠지 ㅋㅋ,,,진짜 꼬리표처럼 남는건가 ㅠㅠ재수강하면 지워지는거 맞냐는...",1
301,19/01/02 09:46,애들아 졸업할때 알려주려나보다,1
302,19/01/02 09:47,10시까지 안올라오면 다시 자러간다 좀 올려 씨발,1
303,19/01/02 09:48,학사일정 시간표시안되어있으면 9시라고 한 놈 생각이없다고 시간 물어보던애들 ㅈㄴ 까던데실상은 9시에 안나왔죠?ㅋㅋㅋㅋ,1
304,19/01/02 09:48,성적 올라오면 댓글 알림으로 알려줘 난 자러갈게,1
305,19/01/02 09:48,그냥 10시에 들가야지 그때도 없으면 걍 피방감ㅂㅂ,1
306,19/01/02 09:51,떳냐? 응 아직이야언제떠......,1
307,19/01/02 09:52,진짜 그지같이 안올려주네 일 좀 하자..,1
308,19/01/02 09:52,(환기) 부산대 앱은 강제로 로그아웃을 시키지 않는다. 와.정.말.좋.아.요!,1
309,19/01/02 09:52,성적 원래 1/2 10:00에 뜨는건가요? 정식적으론,1
310,19/01/02 09:53,나왔다! 안녕 나 이제왔어!,1
311,19/01/02 09:54,잠좀 자고 싶다 제발 ㅠㅠㅠ 빨리 나와 새키야,1
312,19/01/02 09:54,학사과 직원1 : 왤케 성적문의가 많이와 성적담당 누구냐?직원2 : 난 아닌데? 3아니엿냐?직원3 : 나도아닌데? ??,1
313,19/01/02 09:54,이것이 성상품화다 소방관님들 화이팅,1
314,19/01/02 09:55,열시되도 안뜨면 씻고와야지,1
315,19/01/02 09:55,밥먹고온다 오기전까지 안올려두면 혼낸다,1
316,19/01/02 09:57,안떴어얘들아 진정해,1
317,19/01/02 09:57,혼자 영화 vs 혼자 방탈출 어떤게 쉬울까,1
318,19/01/02 09:57,어그로 신고 가능함 성적 조회가지고 어그로 끌면 신고 먹힘... 잘 생각하고 글적으셈.. ㅡㅡ^,1
319,19/01/02 09:57,떳어? ?,1
320,19/01/02 09:58,지도교수상담햇는지 보려면 학생지원시스템 어디로 가야 볼수잇어???,1
321,19/01/02 09:59,어그로 눈길 끌어요,1
322,19/01/02 09:59,네이비즘 서버시간으로 왜 학생지원시스템 서버시간이 9시 49분이라고뜨지;;,1
323,19/01/02 09:59,10시되면 올려주겠지...? 솔직히 10시되면 올려줘야지,1
324,19/01/02 09:59,항의전화 한 사람 있어?,1
325,19/01/02 10:00,떳다 떳다 비행기 날아라 날아라,1
326,19/01/02 10:00,진짜 떳다 ㄱㄱㄱㄱㄱ,1
327,19/01/02 10:00,떳어 진짜,1
328,19/01/02 10:00,레알뜸 제곧네,1
329,19/01/02 10:00,ㄹㅇ 떴다 가보셈,1
330,19/01/02 10:00,떳다 시발,1
331,19/01/02 10:00,떳다 ㅋ ㅋ,1
332,19/01/02 10:00,진짜뜸 떳다,1
333,19/01/02 10:00,아니 아직안올라왔다고? 성적 열람기간 아니라는 문구 짱나네 2일부턴데 뭔 열람기간이 아니여,1
334,19/01/02 10:00,성적을 즈그가 매기냐 존나 늦네 일안하나,1
335,19/01/02 10:00,ㄷ텃다 떳다,1
336,19/01/02 10:01,패논패 S 뜨면 논패스야? ????,1
337,19/01/02 10:01,문정욱교수님 문정욱 교수님 처음엔 다 F 주시는 거 맞죠?,1
338,19/01/02 10:01,교수파업 교수 파업 문제로 오늘 안뜨고 내일까지 합의 불발시 개인 쪽지로 성적 보낸다고 들었습니다!,1
339,19/01/02 10:01,시간강사님 수업 하나도안뜬다 아,1
340,19/01/02 10:01,성적 진짜 떴어요 구라 아님 보러 가센...,1
341,19/01/02 10:02,성적장학금 이수학점 기준얼만지 아는사람? 12학점이상인가?ㅜ,1
342,19/01/02 10:02,미확정은뭐임? ㅈㄱㄴ,1
343,19/01/02 10:02,스무스 하게 4.0 개꿀딱,1
344,19/01/02 10:03,정기활s면 통과맞지? 맞다고해줘 ㅠ,1
345,19/01/02 10:03,본과 간드앗앗앗앙 앗...아앗.. ㅠㅜ,1
346,19/01/02 10:03,중영문성적안떠ㅠㅠㅠ ㅈㄱㄴ 계산하고싶은데 미치겠다 궁금하다,1
347,19/01/02 10:03,시험을 아무리 못쳤다지만 망친정도는 아닌데 씨쁠이라뇨... 눈물이 난다...,1
348,19/01/02 10:04,국장 성적 커트라인 국장 성적 커트라인 어디까지냐,1
349,19/01/02 10:04,고토 성적미입력 빨리좀..,1
350,19/01/02 10:04,우리 시간강사는 성적입력이 뭔 줄 모르노? ㅇㅇ,1
351,19/01/02 10:04,전공은 씨쁄 없어서 다행; 겨양은 씨밭이네 씨뷸,1
352,19/01/02 10:04,강의평가 입력했는데 왜 강의평가 미입력이라 떠 ..?,1
353,19/01/02 10:05,조 졌 다! ㅠㅠ,1
354,19/01/02 10:05,재수강시 학점 질문! 안녕하세요.재수강해서 성적이 오르면 그 이전 성적을 지우고 이번에 들었던 성적을 에타 학점 계산기에 넣어서 입력하면 되나여?? ㅠㅠㅠ,1
355,19/01/02 10:05,야호 에이쁠 하나나왔다 근데 왜 씨플이 세개나있지,1
356,19/01/02 10:06,이번성적 롤러코스터 ㅆㅅㅌㅊ ㅋㅋㅋ a부터 d+까지있음,1
357,19/01/02 10:06,ㅅㅂ 또 3.5에 수렴했네 언제 A+ 한번 받아보나ㅠ,1
358,19/01/02 10:06,정정은 어케하는 거야?? 교수님께 따로 메일?성적이 너무 낮게 나와서 그런데 다시 확인 좀 해주십사이러면 되냐,1
359,19/01/02 10:06,중간 만점이엇는데 비플이야 왜지 왜지 기말도 열심히 썼는데????,1
360,19/01/02 10:06,전공 학점 전공 학점 매길 때 분반별로 따로 매기나요? 아니면 분반 통틀어서 매기나요?,1
361,19/01/02 10:06,3.5이상이면 딱 3.5도 포함인거 맞지? 아진짜 담학기 학비가걸려있으니까 회로가 멈춘거같음ㅠㅠㅠ,1
362,19/01/02 10:07,궁금한 거 12학점 올 에이쁠이랑 18학점 에이쁠5개에이제로1개면 누가 1등인 거임?,1
363,19/01/02 10:07,열사표 아무얘기없었는데 성적 미입력이면 그냥 안올린거야? 뭐 시간강사 이런얘기 안하셨는데 일댄 기다려볼까,1
364,19/01/02 10:07,전체석차 어디서 나와?? 왜 전체성적조회 들어가면 1학기 전체석차만 나와???,1
365,19/01/02 10:07,성적관련해서 교수님한테 문자보내도대요? 꼭 메일 안써도 되죠?,1
366,19/01/02 10:07,국가장학금 국가장학금 다자녀로 받고있는데 이번에 2.0도 안나왔네... c학점 경고제있어도 2.0안넘으면 국가장학금 못받나요...?,1
367,19/01/02 10:07,고체 f기대하고 계절듣는데 C0.. 안고갈까? 계절 수강취소할까.. 더낮으면 우야노,1
368,19/01/02 10:08,인자관 ㅅㄱㄹ교수님 0받으신분.. 첫날에 +채워주신다한것같은데 비0떴네요ㅠㅠ,1
369,19/01/02 10:08,강영택 교수님 이메일아시는분ㅜㅜ ㅜ 안뜨면이메일로물어보면알려주신댔는데 강의계획서에없네요ㅜㅜ,1
370,19/01/02 10:08,전공씨쁠떳는데 그래그래...비제로 아닌게 어디야..ㅠㅠ재수강해랴지ㅠㅠ,1
371,19/01/02 10:08,기컴프 전인호 교수님 plms에 성적 공지하신건 왜 사라진거야..?게시물 삭제되었다는데?,1
372,19/01/02 10:09,젠장 선택과 집중의 결과 D+~A+까지 다 있네 ㅠ,1
373,19/01/02 10:09,알바햇는데 4 나오면 평타ㅠ? 주 5일 갓다,1
374,19/01/02 10:09,다 에이쁠인데 전공하나 c+임...조졌다,1
375,19/01/02 10:10,한국역사와역사인식 ㅈㅇㅈ교수님 왜 성적 미입력? 시간강사셧나 아닌걸로 알앗는데,1
376,19/01/02 10:10,성과영화 교수님 이멜 어디서 알 수 있나요,1
377,19/01/02 10:10,C+ 재수강해서 B0됨 ㄱㅇㄷ....,1
378,19/01/02 10:10,여성의커리어개발성적 여성의 커리어 개발 성적 저만 안나온건가요..?,1
379,19/01/02 10:11,고토 정대성 교수님 원래 늦게 올려줌? 하 개쫄려,1
380,19/01/02 10:11,성적장학금 이수학점 기준몇이야? 12학점 아닌가?,1
381,19/01/02 10:11,지도 교수 상담 지도 교수상담을 원래 하는 일정에 못하고 나중에 따로 찾아뵙고 상담했는데 교수님이 상담인정체크를 안 해주셨더라구요;;그래서 지금 성적못보는데 이건 교수님께 연락드리면 바꿀수있는건가요?,1
382,19/01/02 10:12,지도교수 상담 했는데 안되있다고 성적 열람 못하고 있는데 어떠케 해야함 ?,1
383,19/01/02 10:12,다시듣기 존나 싫은 과목 씨플인데 걍 비제로로 올려주면 안 되나,1
384,19/01/02 10:13,고급영문독해 ㄱㅎㅇ 교수님 저번에 성적 메일 보내지 말라했던것같은데...........와 진짜,1
385,19/01/02 10:13,정치학원론 ㅊㅇㅅ교수님 나만 성적 미입력임?,1
386,19/01/02 10:13,성적 미입력은 시간강사라서 그런건가욤? 계속안뜨는건가,1
387,19/01/02 10:14,다비쁠이야개빡쳐 에이뜰줄알앗는데 다 비쁠이야ㅠㅠㅠㅠㅠㅠㅠ,1
388,19/01/02 10:14,3학년 2학기에 무역 부전하면 늦어? 걍 경영 심전? 어쩌지,1
389,19/01/02 10:14,몽골어 할말없음,1
390,19/01/02 10:14,교양 한 개 뭐야 성적미입력;;,1
391,19/01/02 10:15,2학년 3.84 웅비관 가아능? 사범대인데 양심없는거겠지,1
392,19/01/02 10:16,3.9 면 장학금은 조금이라도 절대 못받나?과바과야?,1
393,19/01/02 10:16,어케 A0 받았노; 응 평점 2.xx~,1
394,19/01/02 10:16,기업가정신과창의적사고 S라돼있는데 패스인가요,1
395,19/01/02 10:17,R통 다들 어떻게 받음?,1
396,19/01/02 10:17,민주시민의 길 성적정정문의 어느 교수님께 하면 될까요?,1
397,19/01/02 10:17,자유관 2학년 3.7 될것같아..? 울고싶다,1
398,19/01/02 10:17,국장기준 겨우넘겼네 ㅋㅋㅋ ㅅㅂ.. 공부해야지,1
399,19/01/02 10:18,4.16~~~~ 야홓ㅅㅎㄹ,1
400,19/01/02 10:19,4.5..... ㅠㅠㅠ한학기 치열하게 살았는데 누가 내 노력 알아주는 기분ㅜㅜ😭😭 감사합니다ㅠ,1
401,19/01/02 10:19,기컴프 씨플나왔는데 시험은 망했어도 출석이랑 퀴즈랑 과제는 열심히 했다고 빌면 비제로로 올려주실까..,1
402,19/01/02 10:19,아 전공이랑 안맞나봄 전공 어떻게 해야 A0 이상 나오는거임?,1
403,19/01/02 10:20,21학점 4.28 ㅅㅌㅊ?,1
404,19/01/02 10:20,시간강사 교양도 성적 나왔네 감사합니다 교수님..,1
405,19/01/02 10:20,글리 s면 통과인가요? 설마 재수강인가요ㅜㅜ,1
406,19/01/02 10:21,글로벌중국어 성적왜 안나오니 ㅠㅠ ㅠㅠ 매쫌맞자,1
407,19/01/02 10:21,아아 교수님사랑해요 시쁠뜰줄알았는데 에이제로라니 감사합니다아ㅜㅜㅜ,1
408,19/01/02 10:21,고토 d0 재수강함? 이제 3학년 올라가는 공머생임,1
409,19/01/02 10:22,"성적미입력이라고 뜨는거 언제쯤 볼 수 있음?? 아놔,,,계신하고 싶은데 ㅠㅠ",1
410,19/01/02 10:22,정정 안되겠죠? a0는 나올거라 생각했는데 b+떴는데정정 힘들겠죠?,1
411,19/01/02 10:22,교수님 사랑합니다 이 은혜를 어떻게 갚아야할지ㅜㅜㅜ 비제로 각이었는데 에이쁠 나옴 할렐루야ㅠㅠㅠㅠㅠㅠ,1
412,19/01/02 10:22,ㄱㅁㄹ 교수님 생활법률 a+받은사람.... 나 ....잘쳤는데 비쁠...,1
413,19/01/02 10:22,사회대 1학년 4.3 수석은 힘들겠지?ㅠㅠ,1
414,19/01/02 10:22,+ 0 는 교수님 재량인가요? A+들 사이에 A0하나 뭐냐고ㅠㅠㅠㅠ,1
415,19/01/02 10:23,자유관 공대 3.7 자유관 가능할까??,1
416,19/01/02 10:24,"토리헤어 진짜 별로.. 토리헤어 지이이인짜 별로고 다시는 안 간다제발 부산대 앞 미용실 찾는 분들 가지 마시길염색 4만 원이라길래 아 생각했던 것보다 좀 비싼데요.. 이랬음암튼 별 얘기 안 해주시길래 그 자리에서 그냥 나오는 것도 좀 그렇고 해서 그냥 했다?근데 하는 도중에 옆에 창문 보니까 염색 2만 원이라고 적혀있대?나중에 계산하면서 물어보니까염색은 약에 따라서 2만~4만 원이라고, 미용사 선생님이랑 얘기 안 하셨냐고 물어보길래그냥 4만 원짜리만 얘기해주셨다고 말했음카운터에 계셨던 분도 뭐 아무 말도 못 하고 가만히 있길래 그냥 계산하고 나왔음. 최소한 ‘죄송합니다 앞으로 이런 일 없도록 주의하겠습니다’ 정도는 나와야 되지 않냐?으 그 미용사 서비스도 진짜 맘에 안 들었던 게 하면서 머리 당겨서 아! 이랬는데 아 죄송합니다 이런 말 1도 없고 ‘이쪽으로 좀 와주세요’라고만 하고머리 감길 때도 찬물로 감겨주길래 당황.. 약 때문에 찬물로 감겨야 하는 상황이었을지도 모르겠다만, 먼저 찬물 갖다 대기 전에 말해줘야 되는 거 아니냐?매직, 염색 다 해봤지만 찬물로 감겨주는 미용사는 첨이었음;;머리 색도 색 차트에서 골랐던 색이랑은 먼 색으로 나왔는데, 그건 내 머리가 까맣기도 하고 모발도 두꺼워서라고 생각하고 넘길 수 있지만 (그 미용사 실력이 모자라서라고 해도 이렇게 글을 쓰진 않았을 거임)이렇게 돈 벌려는 장사꾼 속셈 뻔히 보이고 서비스 질도 떨어지는 건 못 참아서 굳이 시간 들여서 글 남긴다.+ 아오 또 생각난 게, 같이 간 친구는 담당 미용사가 음료 드시겠냐고 물어봤다는데 내 담당 미용사는 나한테는 끝까지 안 물어보더라;",1
417,19/01/02 10:24,정정요청하면 제로에서 쁠로 올리는 건 가능성 있지만 알파벳이 바뀔 확률은 진짜 엄청나게 희박함,1
418,19/01/02 10:24,대실영도 씨쁠을 주는구나 하... 존나 만만하게 보고 대충했는데 싀발...,1
419,19/01/02 10:24,유가사상 ㅅㅇㅅ 교수님 아직 성적 미입력ㅋㅋ 아 뭔가 교수님 다운 것 같아서 웃기다ㅋㅋㅋ,1
420,19/01/02 10:24,현타온다 자신있던 과목은 재수강이고자신없던 과목은 에이고아이고 시부레,1
421,19/01/02 10:25,국장컷 3.0 맞지? 휴 다행이양,1
422,19/01/02 10:25,프랑스어 왜 성적 안 올려주죠... 교수님 시간강사 아니었던 거 같은데,1
423,19/01/02 10:25,진짜 다행이다ㅜㅜ 프리미어 안잘려서 진짜 다행이다ㅜㅜ이번에 진짜 3.5 못넘는줄 알았는데ㅠㅠㅠ,1
424,19/01/02 10:25,기계 유체역학 ㅇㅎㅊ 교수님 수업 들은 분들 성적 잘나왔나요??너무 낮게 나왔는데;;,1
425,19/01/02 10:26,고마워요 데이비드!!!! 발표 cbt 다 말았는데 이걸 에이플을 주네,1
426,19/01/02 10:26,ㅊㅇㅅ박사님 정치학원론 다 성적미입력이야? 시간강사 파업때문인지 아니면 아직 일괄 미입력인건지 내 성적이 애매해서 미입력인건지 모르겠네ㅠㅠ,1
427,19/01/02 10:26,이메일 수강편람에없고 직위는시간강사라고뜨는데 이메일로문의하라하셨거든요 ㅜㅜ어디서확인해야할까요ㅜ,1
428,19/01/02 10:26,성적안나온거들 메일보내면 알려주실까? 다 시간강사 교수님들이셔서 안뜨는 중인데 ㅠ,1
429,19/01/02 10:27,고토 ㄱㅅㅊ 교수님 나만 미확정인가...?? 아직 입력 안하신건가,1
430,19/01/02 10:27,저번 학기가 딸기밭이었다면 이번엔 장마다 비가 존나 내림 ㅅㅂ 에이 어디갔쥬????,1
431,19/01/02 10:27,재수강 질문 같은과목 다른분반으로 재수강해도 되나요?,1
432,19/01/02 10:27,이건 너무한거아니냐고 18!,1
433,19/01/02 10:28,전공 두개 다 씨쁠이네 진짜 열심히 했는데 하...재수강 파티다^-^🔫,1
434,19/01/02 10:29,A+부터 C+까지 다있네 띠벌,1
435,19/01/02 10:29,중문예 ㅊㄷㄱ 플 채워주신다면서 a0주다니 아놔-_-,1
436,19/01/02 10:30,"음.... 플 꽉채워주신다하셨던거같은데, 제로라니ㅜㅠ",1
437,19/01/02 10:30,엥 쁠이랑 제로가 보통 교수님 재량인거야?우리학과 슈밤바밤바,1
438,19/01/02 10:30,전공 두개 씨쁠 재수강해야되나,1
439,19/01/02 10:31,사회과학대는 줄여서 사과대라고함?? 갤럭시쓰면 욕먹음??,1
440,19/01/02 10:31,s는 학점계산할때 얼마정도로 계산함?? ㅜㅜ,1
441,19/01/02 10:31,세문이F 발표 잘했고 시험 적당히 못 쳤는데 F받았는데 출석거의 안부르셔서 지각해도 출석부른지 안부른지 몰랐는데 뭐라고 말씀드려야 F벗어날 수 있을까요..? C만 되도 국장 받을 수 있어서 ㅠㅠㅠㅠㅠㅠㅠㅠ,1
442,19/01/02 10:31,강의계획서에 메일 없고 핸드폰 번호가 있던데여기로 정정문자 보내는건 에바? 메일이 없어....,1
443,19/01/02 10:32,1학년 3.8 사회과학댄데 웅비관 가능한가요..? ㅠㅠ,1
444,19/01/02 10:32,일어나서 기분 개 조졌다,1
445,19/01/02 10:32,유라시아 다들 성적 잘나왔음?? ㅈㄱㄴ,1
446,19/01/02 10:34,학고 두번 맞으면 어떻게 됨?연속은 아님,1
447,19/01/02 10:34,한국근현대사의흐름 ㄱㅅㅁ교수님 학점은 어떻게 알 수 있는건가요?,1
448,19/01/02 10:34,제이슨 그는 빛....... 대실영은 제이슨입니다,1
449,19/01/02 10:35,정정메일은 조금 사정을 얘기해서 빌어야하는건가요?,1
450,19/01/02 10:35,성적미입력 파업 때문인거면 개인적으로 성적 고지 하시려나?,1
451,19/01/02 10:35,성적미입력이면 언제 알 수 있어요 성적..?,1
452,19/01/02 10:35,아 성적 한개 안나왔는데 개쫄리네 진짜그거 망하면 학점 좆대는데,1
453,19/01/02 10:36,성적 내친구 성적 BC카드 플러스친구랰ㅋㅋㅋㅋㅋㅋㅋㅋㅋㅋㅋㅋㅋㅋㅋㅋ성적에 B플 씨플뿐ㅋㅋㅋㅋㅋㅋㅋㅋㅋㅋㅋㅋㅋㅋㅋㅋㅋㅋㅋㅋㅋㅋㅋㅋㅋㅋㅋㅋㅋㅋㅋㅋ,1
454,19/01/02 10:36,와 D 2개랑 F 하나 받는 악몽꾸고 깼다 다행히 그정돈 아니네 휴,1
455,19/01/02 10:36,한국음악과 영화 ㅇㅇㄱ교수님 연락처 한국음악과 영화 ㅇㅇㄱ교수님 연락처 알고 계신분 있나요?? 메일주소나.. 성적관련해서 연락드리고 싶은데 번호나 주소가 없어요ㅠㅜ,1
456,19/01/02 10:36,후기에 학점느님이라구 되잇는데 에제... ㅠㅠ 학점느님이면 쁠 채워주는거 아니냐구염... ㅜㅜㅜ 힝구...,1
457,19/01/02 10:37,한국근현대사의흐름 교수님 메일도 없고 연락처도 없고ㅜ,1
458,19/01/02 10:37,갓제이슨 교수님 사랑합니다 증맬루.....💗,1
459,19/01/02 10:38,교수님 쁠 제로를 쁠 채워달라면 채워줌 ? 현강 싸강 둘다 ?,1
460,19/01/02 10:38,깔끔하게 2.7,1
461,19/01/02 10:38,싸강은 행심,1
462,19/01/02 10:38,독일어 싸강ㅠㅠ 다들 독일어 싸강 점수 잘 받으셨나요...?ㅠㅠ,1
463,19/01/02 10:39,와 2점대 생각보다 타격감 오지네,1
464,19/01/02 10:40,경영복전 4.3이면 아슬?,1
465,19/01/02 10:40,국제무역론 ㅇㄱㅎ 교수님 이메일 주소 아시는분,1
466,19/01/02 10:40,여러분 싸강은 국제사회 기말시험 한번만 들어가는데 학점 진짜 후하게 주셨네 사랑합니다 교수님..,1
467,19/01/02 10:41,한국전통과학과기술 금요일10시수업 교수님 번호나 이메일아시는분계실까오ㅠㅠ,1
468,19/01/02 10:42,면담 미실시자 성적확인 뜷어주실분 적정 가격으로 해주실분,1
469,19/01/02 10:43,않이 쁠좀 달아주시지.. 전공 네개가 제로네교수님 자비좀요ㅠㅠㅠ,1
470,19/01/02 10:43,신나안교수님 영상영미문화 에이 컷이 어떻게 되려나요? 너무 빡세네요,1
471,19/01/02 10:44,강의평가 했는데 미응답이라 뜨면 뭐임?,1
472,19/01/02 10:44,지도교수 상담 안하고 최종성적만 보려고 하는데 최종성적은 강의평가 안해도 뜨는거 맞음?,1
473,19/01/02 10:45,국가장학금 커트라인! 국가장학금 커트라인 몇이에요??? 학교마다 기준 다르다던데,1
474,19/01/02 10:46,스페인어가 마지막 희망이다... 제발,1
475,19/01/02 10:47,정치학원론 ㅊㅇㅅ 교수님 이분도 시간강사분 이신가여?? 왜 성적미입력ㅜㅠ 딴 시간강사 교수님 분들은 따로 안내 해주시던뎅ㅜ,1
476,19/01/02 10:47,이공계장학금 언제주닝?,1
477,19/01/02 10:47,강의평가 강의평가 응답 다 했는데  성적조회하면 미응답이라 뜨넹  시팡,1
478,19/01/02 10:48,전공기초 D0 디제로인데 정정메일 보내볼까...? 그냥 가만히 있을까...?어차피 재수강할건데 정정해서 디플로 올려도 의미없겠지??,1
479,19/01/02 10:48,성적미입력 교수님이 성적 입력하실때까지 기다려야하나요??,1
480,19/01/02 10:48,아오 B0 재수강도 못하고ㅋㅋㅋㅋ개빡,1
481,19/01/02 10:49,전공 재수강 b0랑 c+재수강해야겟지....?ㅠㅠㅠㅠㅠ,1
482,19/01/02 10:49,성적정정문의할라면 직접 찾아가는게낫나요ㅠ아님 메일보내고 기다리는게낫나요너무뽝쳐서 지금무작정 찾아갈라하는데,1
483,19/01/02 10:50,전공기초 씨쁠 재수강해도 씨쁠일 것 같은데 하지말까ㅅㅂ재수강해서 비쁠받음 학점 많이 오르긴하는데ㅠ,1
484,19/01/02 10:50,교선 c0면 닥 재수강임??,1
485,19/01/02 10:50,대실영 교수님들 메일 여기로 보내면 되겠지? 교양교육원에 있던데,1
486,19/01/02 10:50,교수님 쁠 달아주신다면서요ㅠ 왜 저에게 제로를 주셨나요...,1
487,19/01/02 10:51,cbt 성적조회 로그인 지금 안되나요??,1
488,19/01/02 10:52,"약이야기 ㅇㅈㅇ, ㅈㅇㅅ교수님 꺼 들으신 분 어때요? 적절하게 나왔나요.근데 기말 성적은 어디서 볼 수 있는거죠,,",1
489,19/01/02 10:52,열사표 ㅎㅈㅇ 교수님.. 정정메일 보내면 정정 조금 해주셔ㅠㅠ?생각보다 성적 너무 낮은데ㅠㅠㅠㅠㅠㅠㅠㅠ,1
490,19/01/02 10:52,국장 성적 2.51만 넘으면 계속해서 받는건가요? 알려주세요...,1
491,19/01/02 10:52,잉 재수강만 하지말자는건 a나오고 a기대했던건 죄다 비쁠뜨네 ㅋㅋㅋ 머냐,1
492,19/01/02 10:52,국장 저번에 c학점 경고제 받았으면 이번 학기에 몇점이상으로 잘받아야하고 그런거 있나요ㅜ? 커트라인만 넘으면 되죠 ...?,1
493,19/01/02 10:53,행정학과 복전 컷 어느정도인가요?ㅠㅜ,1
494,19/01/02 10:54,대실영 친구랑 같이 계속 과제했고 친구보다 cbt잘쳤는데 친구 에이쁠 나 비쁠문의넣어야겠지????,1
495,19/01/02 10:54,페스 노패스 과목 s는 통과죠 ??,1
496,19/01/02 10:55,씨밭이네^^... 농사 지어야겠다 씨밭.....,1
497,19/01/02 10:55,헌법과 통치구조 성적잘받으신분 계신가요..?,1
498,19/01/02 10:56,못 쳐서 우울해있는데 잘봤다고 톡으로 자랑하는 눈새들 진짜 얄밉다,1
499,19/01/02 10:56,A0에서 A+ 문의하면 가능성 좀 있을까요..?교바교겠지만 너무간절해서ㅠㅠㅠㅠ,1
500,19/01/02 10:56,s는 뭐야 성적표에? 글로벌 리더십 어쩌구 수업인데 그냥 참여하는거pf인줄 알았는데s가 떠서success인거야?,1
501,19/01/02 10:58,복전 부전 복전이나 부전하려면 과사에 직접 전화해서 신청해야 하나요??,1
502,19/01/02 10:59,성적 두개나 안떳다 ㅎ ㅏ..,1
503,19/01/02 11:01,계절취소언제까지임? ㅈㄱㄴ,1
504,19/01/02 11:02,아니 무슨 0파티야 A0 B0 C0 S 골고루 있네...왜 전부 0냐ㅜㅜㅜ쁠은 재량아니었나ㅜㅜㅜ,1
505,19/01/02 11:03,강의평가 다 했고 강의평가 응답여부 O 인데 왜 성적조회하면 강의평가 미응답일까요..,1
506,19/01/02 11:04,만약에 C+커트라인인데 성적문의해서 B로 올라가는 경우는 없죠 ..? 채점에 이상있지않은 이상 ...,1
507,19/01/02 11:06,전공기초 씨쁠 아니 씨쁠 정도는 아닌거 같은데 ;; 뭥가 억울해,1
508,19/01/02 11:06,족보 없으니 다 채워도 B0구나 ㅎ 아 빡쳐,1
509,19/01/02 11:06,전공 에이쁠 개뿌듯ㅜㅠ 딴거망했어도 이거 하나땜에 젼나 기쁘다ㅠ,1
510,19/01/02 11:06,시간강사 파업왜하는거임그리고 성적늦게띄우는거랑 파업이랑뭔상관이길래학생이피해보지,1
511,19/01/02 11:08,밑트임이나 뒷트임 해보신분 부작용 있어요?,1
512,19/01/02 11:09,A0가 왜이렇게 많어ㅠㅜ 교양이 a0일 때 여러분은 어떻게 하시나요? 문의 하는 편?ㅎㅎ,1
513,19/01/02 11:09,독일인과 독일사상 박정환 교수님 이메일 아시는분 계신가요?,1
514,19/01/02 11:09,성적 문의하려는데 어떻게 해야 하나요 일단 메일 먼저 보내라는데메일로 문의하라는 건가요,1
515,19/01/02 11:09,3.8 ㅜㅜ...,1
516,19/01/02 11:10,에이 씨뿔 교양 죄다 재수강이네,1
517,19/01/02 11:10,"대실영 고급 교수님, 조교님 감사합니다!!!!들숨에 건강을 얻고 날숨에 재력을 얻으세요🙏🏼🙏🏼",1
518,19/01/02 11:10,막학기 ㅍㅌㅊ 졸업이다 꺼어어어억근데 백수임,1
519,19/01/02 11:11,제이슨 a+ 받으신 분들 cbt 몇 점이었어용 저 30 32에 발표 ㅅㅌㅊ였는데 b+...온라인 과제도 다 했어요,1
520,19/01/02 11:11,장학금받겠다 2.6이니 국장컷은 넘겼네 ㅋㅋㅋㅋㅋ에타에선 욕 못하나 ㅋㅋㅋㅋㅋㅋㅋㅋㅋ,1
521,19/01/02 11:12,"교수 파업 찾아보다가 페북에서 퍼온 글(양창아 교수님 글) 막아주십시오학생 여러분, 반교육적인 교과과정 개편을 막아주십시오.얼마 전 학생 여러분이 모여 부산대학에서 당사자인 학생의 의견도 제대로 묻지 않고 교과과정을 개편하는 데 대해 문제제기를 하셨지요. 그때 안건에 나왔던 제도들은 모두 소위 '학부 학사제도 개선안'에 들어 있는 것입니다.이 안은 작년부터 시도했으나 교수 사회 내에서 반대가 있어서 개정 못한 걸 이번에 또 진행하려고 하는 것입니다. 지난 10월 대학 본부는 설명회를 통해 이 개정이 3년 후에 또 있을 대학재정지원사업 대비를 위한 것이라고 말하며 학과장 및 조교쌤들을 설득하였지요(지난 12월 5일에 똑같은 자료로 여러분에게도 설명회를 했습니다). 자율개선대학에서 낙오되지 않으려면, 시행해야 한다고요. 부산대는 중장기로 이미 계획을 세워놓았다고도 했습니다. 저희가 파악하기로 그 계획은 교육부에서 대학 구조조정과 관련하여 진행하는 사업인 ""대학자율역량강화지원사업""(줄여서 ACE+사업)과 연동되어 있어요.교과과정 개편 내용 중에는 소형 강좌를 줄이고 대형 강좌를 늘리는 것, 사이버 강좌 확대하는 것, 졸업학점 축소하는 것, 국내외 타대학과의 공동학위제 등이 있습니다. 사실 본부는 이미 매 학기마다 각 학과에 강사담당 과목 또는 전공선택 과목들을 통합함으로써 강좌수를 줄이는 것을 권고하고 있습니다.1. OECD 기준, 대학의 교원 1인당 학생수가 15명이라지요. 수업의 질을 구성하는 여러 요소가 있겠지만, 한 강의실 당 학생수는 수업 질에 관한 한 결정적인 요소입니다. 대형 강좌는 61-100명의 학생들이 한 강의실에서 강의를 듣는 것을 의미합니다. 초중고등학교에서도 겪어보지 못한 일이지요. 날이 갈수록 강의에서 소통은 중요한 요소로 꼽히고 있는데, 대형 강의에서는 학생 얼굴도 제대로 기억하지 못하니 말 다했지요.우리 노조가 주장하는 교육환경 관련 쟁점으로 '폐강기준을 20명으로 축소하는 것'이 있는데, 이 역시 학생들의 수업권을 위한 요구이기도 합니다. 경북대, 전남대를 비롯한 주요 대학들은 10여년 전부터 폐강기준이 20명입니다. 지난 학기 23명이 신청한 교양과목이 폐강이 된 것으로 알고 있습니다. 소규모 강좌를 줄이는 한 방편이 되었지요.2. 사이버 강좌 확대와 졸업이수 학점 축소, 공동학위제에 대해서도 말이 많습니다. 학생 입장에서 이 안들은 당장에 편해 보일 수도 있으나 조금만 멀리 보면 수업의 질을 하락시킬 뿐만 아니라 국립종합대학의 기본적인 교육 의무를 방기하는 것과 같은 일입니다. 여러분이 매학기 내고 있는 등록금은 기형화된 우리나라 대학 교육제도 아래서는 얼마 되지 않는다고 얘기되지만 적지 않은 비용입니다. 그 비싼 등록금을 냈으니 여러분들은 충분한 수업을 받을 권리가 있는 것입니다. 공동학위제도는 사이버강의와 연동될 가능성이 높습니다. 타대에 일일이 가서 수업을 듣기는 현실적으로 어려울 테니까요. 사이버 수업이 확대되는 것에 대해 어떤 이는 '차라리 사이버대로 전환하지'라는 조소어린 말을 뱉기도 했습니다.인문학 사회학 예술과 체육학과 같은 학문은 특히나 더 대면수업을 필요로 합니다. 그런데 사실 오늘날 인기 없는 이와 같은 학문이 종합대학의 위상을 결정짓는 중요한 학문에 속하지요. 국립부산대의 위상을 염려한다면 종합대학에 걸맞게 기초학문의 기본적인 생존을 보장해야 합니다. 교육과정 개편안에는 여기서 언급한 건 외에도 ""다중 전공(복수전공 확대, 학생 자율 전공 신설, 융합전공 신설) 제도""가 있는데 이 안들은 종합대학의 기본 조건을 무너뜨리는 역할을 할 가능성이 아주 높습니다.우리는 언젠가부터 ""수백만의 사람이 잉여로 여겨지는 세상""에 익숙해졌습니다. 그런 까닭에 우리 스스로 자신이 많은 시간을 보내는 학교나 직장에 소속되어있다고 느끼지 못하며, 이 시스템에 개입할 수 있다는 생각조차 못할 때가 많습니다.정치사상가 한나 아렌트에 따르면, 인권 박탈은 사람들의 의견과 행위가 가능한 자리를 박탈하는 모습으로 가장 먼저 드러난다고 합니다. 부산대학에서 이루어지고 있는 밀실행정에 예민하게 반응하는 학생 여러분은 이를 몸과 말로 보여주고 있다고 봅니다. 여러분이 부산대학의 주체로서 행위할 권리와 의견을 가질 권리를 되찾는 과정을  지지합니다.학생 여러분의 의견이 더 나은 부산대학을 만드는 데 힘을 보탤 거라 믿습니다.",1
522,19/01/02 11:12,전공 A0떴다 완전 행복해ㅠㅠㅠㅠ 지난 학기에 F떴던 교수님 수업이라 더 행복하다ㅠㅠㅠㅠㅠㅠ다음학기에는 이 교수님께 A+받게 더 공부해야지ㅠㅠㅠㅠㅠㅠㅠㅠ,1
523,19/01/02 11:12,성적 교수마다 다르긴한데 보통c0에서 c+은 보통 잘 올려주나??,1
524,19/01/02 11:13,나 어떡하냐 B0가 두개나 있어...,1
525,19/01/02 11:14,복학 신청기간 언제야? 12.31 이라 되있던데 기간별로 더 있지 않아..?,1
526,19/01/02 11:15,기업가정신과 창의적 사고 S면 패스 된거에요?,1
527,19/01/02 11:15,대체 뭘 어떻게해야 c0를 주냐고ㅠㅠㅠㅠㅠㅠㅠㅠㅜㅠ출석 잘 했고 과제 잘 냈고 기말레포트도 밤새서 썼는데ㅠㅠㅠㅠ,1
528,19/01/02 11:15,강의평가 작성 안해서 성적 못본다는데 작성 어디서 해요 ..?,1
529,19/01/02 11:16,기말 성적 확인 기말 성적 확인 교수님한테 연락하면 할 수 있는거가??,1
530,19/01/02 11:16,등수나 이런건 plms에 나오나요? 전 안 나오던데.. ㅈㄱㄴ,1
531,19/01/02 11:17,데이비드 프루 cbt 34 30 대실영 2 a+ ㅎㅎ,1
532,19/01/02 11:17,자유관 4학년 컷 ㅠ 4.2정도 되야겟져?,1
533,19/01/02 11:19,담학기 새로운 마음가짐으로 다음학기 진짜 열심히 살꺼야!!!!,1
534,19/01/02 11:19,그래도 성적다 플러스 붙었다 씨플로 도배가 되있네 이런 씨플~!,1
535,19/01/02 11:20,학생회관 식당 방학 때 학생회관 식당 문 안 여나요?? 식단이 안 나와서 ㅠㅠ,1
536,19/01/02 11:20,어머니 저는 효자에요 불타는 효자요 ㅅㅂ...진짜 부모님한테 미안해서라도 빨리 군대가야겠다,1
537,19/01/02 11:21,고토 성적미입력 왜이런거에요?,1
538,19/01/02 11:22,전공 B+ B+ B+ 하 멘탈 털리네,1
539,19/01/02 11:22,와 처음으로 4넘어봄 기분개쥬앙,1
540,19/01/02 11:26,회계원리 ㄱㅈㅇ교수님.. 요약과제 한번ㅁ정돈 빼먹어도 되겟죠?ㅠ,1
541,19/01/02 11:27,세문 ㅁㄱㅈ 교수님 오늘 밤쯤엔 성적 올려 주실꺼죠?ㅠㅠ,1
542,19/01/02 11:27,학점 엄청 떨어졌는데 저번 학기보다 많이 떨어졌는데 취업에 지장 있나요 ㅠㅠ 내신처럼 하향곡선 본다던가 ..,1
543,19/01/02 11:29,패스패일 s가 패스된거에요?,1
544,19/01/02 11:29,시간강사 시간강사 수업들 성적미입력으로 뜨는건 먼저 성적물어봐야되는건가요? 아니면 나중에 개별로 알려주시려나....,1
545,19/01/02 11:29,공기경 ㅅㅂ 인간승리 친구들 일학기때 듣고 c쁠받아오길래 ㅈ댔다 싶었는데 a쁠 ㅜㅜㅜ 감사합니다 ㅜㅜㅜㅜㅜ 인간승리다 ㅜㅜ,1
546,19/01/02 11:29,문창회관 건강검진실 방학에도문여나요?,1
547,19/01/02 11:30,열사표 학점 왜 미입력...ㅜㅠ,1
548,19/01/02 11:31,라틴어 점수 언제 입력해주시냐 ㅜ,1
549,19/01/02 11:31,프랑스어 2 강영주 교수님 이 교수님도 시간강사신가요???,1
550,19/01/02 11:32,계절 등수에 영향있나요?,1
551,19/01/02 11:32,자유관 학점 긱사넣을때 2학기성적만 반영되나요 아님 일학기포함인가요??,1
552,19/01/02 11:33,응용윤리 이남원교수님 에이나온사람있나용?ㅠㅠ,1
553,19/01/02 11:33,취업해서 상담못갔는데 상담안했다고 성적을 안보여주네..,1
554,19/01/02 11:34,영상예술과철학 영상예술과 철학 성적 기준이 뭐냐 대체,1
555,19/01/02 11:34,성적조회 뚫우주실분 제곧내,1
556,19/01/02 11:35,교수상담 안했는데 학점은 다음주에 뜨나요?,1
557,19/01/02 11:35,망한건 어느정도 예상하고있었지만 직접 보니 뼈아프다 따흑,1
558,19/01/02 11:35,메일잘보내서 에이에서 에이쁠로 올리기가능 한가요...?,1
559,19/01/02 11:36,조재임 교수님 a0 받으신 분? 저요 흑흑 성적 잘 주신다고 그래서 쁠 채워주실 줄 아랏는데 ...,1
560,19/01/02 11:37,3.5정도 부전공 어디할수이썽요 문과입니다,1
561,19/01/02 11:37,"쁠은 안주는 이유가 있습니다. 30%가 에이쁠인 세상, 이 얼마나 좋습니까?그러나 쁠을 안주는데는 이유가 있습니다.교수님 재량이긴 하나 40명 수업에서 자신이 7~8등을 했음에도 쁠을 못받는 경우가 있습니다. 그리고 이 등수의 사람들이 쁠에 미련이  남겠죠.이건 1~6등까지 사람들과 점수차이가 크게 나기에 쁠을 안붙이는 경우가 가장 대부분입니다.교수님이 8등도 쁠 좀 애매한데... 하셔도 그 위 등수 사람들과 비교해 점수차이가 소폭이면 쁠 답니다. 즉, 30프로 내에 있지만 거기에서 점수 격차가 많이 벌어지는 구간부터 제로를 넣습니다.이 경우 울고불고해도 못 올려줍니다.",1
562,19/01/02 11:37,허상희 교수님 열사표 다들 성적 어때요ㅜㅜㅜ 저 망했어요,1
563,19/01/02 11:38,서양문화유적탐방 ㅂㅎㅈ 교수님 시간강사님이신가요..?,1
564,19/01/02 11:38,관광컨벤션학 복수전공 컷 어느정도얌?? 나는 문과..,1
565,19/01/02 11:39,부전공하다가 부전공하는과로 전과가능한가요..?,1
566,19/01/02 11:42,전공기초 기대안래ㅛ는데 비쁠 ㅜ 흑 흑 교수님 감사합니다,1
567,19/01/02 11:45,plms로 성적문의 보내도되나요..아무도 메일 주소를 모르는 것 같아요..,1
568,19/01/02 11:46,f ㅠㅠ F받은거 D로라도 올리려고 하는데 출석은 자주 안부르는 교수님인데 부를때 한번빼고는 다 갔는데 시험이 망해서 어떻게 메일보내야하나요??,1
569,19/01/02 11:46,난 어찌된게 교양 A+은 개쉽게 받는데 전공은 B0받기도 힘들다 우엉ㅜㅜ,1
570,19/01/02 11:48,대실영도 씨쁠이 뜨나요..? 준상대라 에이 아니면 비 라고 들었는데 씨쁠 떠서..쫌 당황쓰,1
571,19/01/02 11:48,데니얼 교수님 메일 아시는 분..? 혹시 계신가요ㅠㅠ,1
572,19/01/02 11:48,와나 열사표 존나 미친 이새끼가 뒷통수치네 와 진짜 개어이없다 시험 좀 못쳐도 씨쁠 나오기까지있나 와,1
573,19/01/02 11:49,기숙사 c플하나떳는데 긱사가능인가ㅠ,1
574,19/01/02 11:50,불문과 복전 학점 컷 불어불문학과 복전 학점 컷이 얼마일까요??ㅠㅠ,1
575,19/01/02 11:51,일반물리학실험 24명중 12등인데 B+떴어요 50%까지 A인줄 알았는데 그냥 교수님 마음대로 준걸까요? 문의하면 올려주나요,1
576,19/01/02 11:51,시험 넘 잘쳤어 어쩌지 어쩌지;;;,1
577,19/01/02 11:52,국장2차 언제들어와요 개현기증남 ㅅㅂ,1
578,19/01/02 11:52,교직복전 신청날짜 언제에요?,1
579,19/01/02 11:52,아 무슨 다 비쁠 밭이여 재수강도 안되잖아 하.... 참고로 원래 평점 4.0 넘음 개망했네 이번학기,1
580,19/01/02 11:52,폐강된 강의 강의 인원미달로 폐강됬었는데 왜 f로 성적이 뜨는건가요?이건 제잘못인가요?,1
581,19/01/02 11:54,"성적미입력은 다 시간강사인거야,? 언제쯤 해주실까ㅜㅜ",1
582,19/01/02 11:56,3학년 공대생 웅비관 2학년 학점 4 넘었는데 가능해?,1
583,19/01/02 11:57,군휴학 방학중에는 휴학 기간에만 인터넷 휴학 할 수 있다는데 학사과 가면 할 수 있나요??,1
584,19/01/02 11:57,3.7인데 문과 복부전 어디가 제일 좋을까요 ㅜㅜ,1
585,19/01/02 12:01,"새도 도대체문언제여는지 아시는분 ㅈㄱㄴ,.....",1
586,19/01/02 12:01,상담안했는데 왜 성적이 뜨는것이야!! 상담에는 N표시 되어있는데!! 가슴철렁하게시리ㅠㅠ,1
587,19/01/02 12:01,성적 미입력 과목 하나 성적 미입력 뜨면 그거 하나로 하루종일 신경쓰이지 않나요?정신 고문당하는 것 같아요,1
588,19/01/02 12:01,라섹 아이시티에서 한 사람?,1
589,19/01/02 12:02,B0 에서 B쁠 등수 여쭤봤더니 딱 50%인데 올려달라고 슬쩍 메일보내볼까... 하ㅠㅜㅠㅜㅠㅠ,1
590,19/01/02 12:02,보통 플 채워달라고 메일 쓸 때 내용을 어떻게 써 보내나요..? 이렇게 플 하나 필요했던게 처음이라ㅜ,1
591,19/01/02 12:03,성적 미입력 강사한테 물어보셔야합니다 성적 미입력 때문에 개인적으로 성적 물어봤는데 지금 시간 강사들 파업 방식으로 성적 입력 마감일까지 성적 미입력해서 행정 방해하기로 했다고 함.  그대신 개인적으로 성적 알려주는식으로 하기로 했대. 그래서 강사분한테 연락해서 개인적으로 성적 알아봐야함. ㅇㅇ. 개인적으로 먼저 알려주실 분들도 계실텐데 먼저 물어봐서 알아보는게 빠를수도 있음. 파업 끝나는 대로 성적 올린다고 하는데 언제 끝날지 모르니까 먼저 물어보센 ㅇㅇ,1
592,19/01/02 12:03,c학점 c받은거 다 재수강 해야하나요? 다는 할필요없죠??,1
593,19/01/02 12:04,금정 2층 교직원 망한성적 스트레스 풀자.,1
594,19/01/02 12:04,대실영 1은 상대평가인가요? 준상대인줄 알았는데 씨제로 떴길래ㅎ..,1
595,19/01/02 12:05,전공기초 40명 강의 뒤에서 3등이면 학점 뭐나올까?학점느님이신데ㅠㅠ,1
596,19/01/02 12:06,심리 복전 성적 컷이 어떻게 돼요..? 4.0 근처는 가야겠죠 ㅎ..,1
597,19/01/02 12:06,c 재수강 교필이 다 c제로 나와서...꼭 재수강해야되나요??,1
598,19/01/02 12:06,퀴즈랑 스노우보드실습 기간이랑 겹친다 퀴즈는 성적반영 10퍼센트인데 우짜냐..스노우보드 드랍해야하나?,1
599,19/01/02 12:07,BIFF성적문의 어떻게 하나요?,1
600,19/01/02 12:08,사회적기업 교수님 메일 아시는 분 혹시 계신가요?,1
601,19/01/02 12:08,국가장학금 기준 국장 기준이 3.0 이상인가요 2.5 이상인가요?,1
602,19/01/02 12:10,아니 ㅅㅂ 과제 다내고 출석 안 빠졌는데 씨쁠을 줘버리네 ㅅㅂ 개빡치네,1
603,19/01/02 12:11,기숙사 학점컷 직전학기냐?,1
604,19/01/02 12:13,한일관계 양흥숙 교수님 이메일 주소 아시는 분 계신가요?,1
605,19/01/02 12:13,궁금해서 그런데 성적 메일 보내면 진짜 바꿔주기도 하셔? 생각보다 메일 넣어보는 사람이 많은 것 같아서,1
606,19/01/02 12:14,오늘 수강취소 했는데 오늘부터 그 수업 안들어가도 되죠?,1
607,19/01/02 12:15,내 성적은 기원전에 머물러있음.. BC...,1
608,19/01/02 12:15,기컴프 ㄱㄱㄷ 교수님 에이제로 받은 분 계신가요,1
609,19/01/02 12:15,박정환 교수님 이메일 아시는분?,1
610,19/01/02 12:16,1학년인데 전공 죄다 비쁠임 내년부턴 열심히 살아야겠다,1
611,19/01/02 12:19,내 성적은 더하면 더했지 은행임ㅋㅋㅋㅋCD깈ㅋㅋㅋㅋㅈㅅ,1
612,19/01/02 12:22,+은 교수재량인가요? B+이나 c+같이 플러스는 다 교수님재량인가요?,1
613,19/01/02 12:22,모든과목 재수강 하신분 있어요? 거의 다 C라서 재수강 하려하는데 최대 B+이라는데 이번에 맘 잡고 하려거든요 ㅠㅠ,1
614,19/01/02 12:22,c+에서 B0 가능...? 올린 사람 있나요 ㅠㅠㅠ 진짜 씨쁠은 아닌것같은데,1
615,19/01/02 12:24,정정메일보낼때 그냥 어디에서 깎였는지 궁금합니다. 등수가 몇등인지 궁금합니다. 이런식으로 말해야되지? ~다했는데 어떻게 해서 ~인지 여쭤봐도 될까요(ex.출결과제 다했는데 어떻게 해서 C+인지 여쭤봐도 될까요) 라는 뉘앙스는 별로 안좋죠?,1
616,19/01/02 12:25,이번학기 성적 비플밭이네 ^^,1
617,19/01/02 12:25,씨제로 는 조금 상처다,1
618,19/01/02 12:25,성적 아는 거 쁠로 올려달라고 메일하면 안되겠지...:?,1
619,19/01/02 12:27,계절 성적은 졸업할때 예를들어 1학기에 어떤 과목을 들었는데 여름계절로 재수강해서 성적이 바뀌면1학기엔 안들은걸로 되잖아요? 근데 그러면 졸업할때는 어떻게 적히는건가요..?,1
620,19/01/02 12:27,다들 몇??? 4.35 잘했다구 해줘 헤헤헤,1
621,19/01/02 12:28,성적의의신청 어떻게 해요? 성적의의 신청 교수님한테 문자 보내야 하나요? 아니면 다른 방법이 있어요? 이 성적 갖고 가면 백퍼 뒤질 것 같은데,1
622,19/01/02 12:28,학고 2번 학고 2회연속받으면 효원학습컨설팅 받아야한다던데 어디서 안내받아?,1
623,19/01/02 12:30,공대 4학년 자유관 컷 몇일것 같음?? 3.5로는 당연 광탈이겠지ㅋㅋㅋㅋ,1
624,19/01/02 12:30,교양으로서의 고고학 배교수님 성적문의하고싶은데 메일 주소 없으면 어쩌죠?,1
625,19/01/02 12:32,D플과 A플이 공존하는 성적 참다이나믹하다 시펄것,1
626,19/01/02 12:34,인간과 자연재해 강희철 교수님 이메일 아시는 분 있나요? 알려주실 수 있습니까,1
627,19/01/02 12:36,씨풀.... 갑분씨..난감하네,1
628,19/01/02 12:38,전공 씨면 재수강하냐 도랏ㅋㅋㅋㅋㅋㅋㅋㅋㅋㅋㅋㅋ 삼씨 ㅋㅋㅋㅋㅋㅋㅋㅋㅋㅋ,1
629,19/01/02 12:39,한국근현대사의흐름 교수님이 메일도 plms도안보시는데 학점어떻게 알죠?ㅜ,1
630,19/01/02 12:40,아 성적 ㅅㅂ ㅈ같네,1
631,19/01/02 12:40,성적 떨어졌다 ㅋㅋㅋㅋㅋㅋㅋ진짜 빡쳐 진짜열심히햇는데 눈물이앞을가린다,1
632,19/01/02 12:40,패논패 학점계산 패논패 논패하면 아예 0점으로 평균 내나요 아니면 이수학점에서도 빠지고 평균도 안내려가나요 ㅠㅠ,1
633,19/01/02 12:41,2.5 턱걸이 모여 이런 슈베르트><,1
634,19/01/02 12:41,문돌이 2.6 가즈아 재수강의 세계로~~~~,1
635,19/01/02 12:43,초과학점 들으면 평점 올릴 수 있나요 학점 올려야하는데이미 다 들어버림 근데 젤 낮은게 비제로라 재수강도 안돼요,1
636,19/01/02 12:43,겨울 계절성적 이번 기숙사신청시 포함되나요 ??,1
637,19/01/02 12:44,난 우리과 전공이랑 안맞는듯 1학기때 전공 제외 올 a (플 두개 제로 2개)2학기때 전공과 기컴프 제외 모든 교양 a (플 3개 제로 1개)전공은1학기때 비플 비플 비플2학기때 비플 비제 비제전과해야하나..,1
638,19/01/02 12:45,시력나빠서 안경 압축 조오온나해야되는뎅 부대앞에 어디가 저렴해...?안경점..?,1
639,19/01/02 12:46,폐강강좌 취소 안했으면 무조권F??? 나 면담 안해서 성적 못보는데 담학기 방구해야되노..,1
640,19/01/02 12:48,첫 학기 성적 1.1 막 학기 성적 3.7 진작에 이렇게 공부할걸....ㅜㅜ,1
641,19/01/02 12:50,교양 a이상으로 좀 받아보고싶다 ㅈㅂ...,1
642,19/01/02 12:52,기초스페인어 박효영 교수님 이메일 아시는분??,1
643,19/01/02 12:55,진짜 열심히 했는데... 4.12야.... 어떡해....ㅠㅠ 망했어...,1
644,19/01/02 12:55,교양3학점 D+인데 학점에 큰영향...있겠지 시바?,1
645,19/01/02 13:00,2학년때 동아리하고 주말알바하고 그래서학점 망한듯... 공부안한 내탓이지만..,1
646,19/01/02 13:02,총평점 3.82로 어디 복전가야하나.. 문과인디.. 하 ㅠㅠ,1
647,19/01/02 13:03,1.7 2.34 살자각?,1
648,19/01/02 13:08,웅비관 헬스랑 경암 헬스랑 어디가 낫나요? 진리사는 사람인데 운동이라는걸 해보려고 글올려보는데 어디가 나을까요?,1
649,19/01/02 13:08,15학점도 과에서 장학금 받을수있어?? 성적은 저번이랑 같은데 1학기땐 18학점 들었었음,1
650,19/01/02 13:11,저 이때까지 평점이랑 오늘 뜬 성적으로 학점 계산좀 해주실분 쪽지로요갑자기 머리가 굳어서 계산이 안되네요,1
651,19/01/02 13:11,ㅊㅇㅅ교수님 정치학원론 번호나 이메일 아시는분 알려주세요ㅠㅠ,1
652,19/01/02 13:12,언더더씨들!!! 소리질러!!!!,1
653,19/01/02 13:15,수학과 김재희 교수님이메일 아시는분 수학과가 아닐 수도 있지만 이번에 수학2 가르치신 분임,1
654,19/01/02 13:16,대중음악 ㅈㄷㅅ 교수님 강의 들으신 분들... 성적 언제쯤 뜰까요 ㅠㅠ...,1
655,19/01/02 13:17,만약 1학기때 2.7이고 2학기땨 3.7이라서 올랐으면 장학금 줘??,1
656,19/01/02 13:20,아직까지 미확정은 뭐지..,1
657,19/01/02 13:20,교수님메일로 그냥 성적만 물어본다고 보내면 괜찮을까...,1
658,19/01/02 13:20,사범대는...학점이...필요없다... 그렇다...!,1
659,19/01/02 13:21,경영 나만 학점따기 힘든가 잘하는사람들 왤케많아,1
660,19/01/02 13:27,부동산 어디가 좋나여?? ㅈㄱㄴ,1
661,19/01/02 13:27,PS4 중고가는 얼마 정도하는가욤 이런정보 알고 싶은데 어디서 봐야할지 모르겠어요😫,1
662,19/01/02 13:28,메일 메일 안보시는 교수님들한텐 어떻게 성적 문의하나요번호도 없는데 ㅜ,1
663,19/01/02 13:29,C+에서 B0로 올릴수있나요ㅠㅠ ㅈㄱㄴ,1
664,19/01/02 13:30,웅비 혹은 진리 공대 4.4 부산사는데 웅비나 진리 가능? ㅠ,1
665,19/01/02 13:30,몽골어교수님 메일 아시는 분 있어요?,1
666,19/01/02 13:31,계과 체육대회 안갔는데 성적열람됨 ㄱㅇㄷ,1
667,19/01/02 13:32,민속문학과 전통문화 허순우교수님 메일도 없고 쪽지도 못보내는데 혹시 성적정정관련 문의드릴방법 아시는분 있나요?,1
668,19/01/02 13:35,전공 d+인데 c로 바꿀수있음? 너무 다시 듣기 싫은데 c+까진 아니라도 c라도 바꿀수 있나요,1
669,19/01/02 13:36,정정신청 정정신청기간에 교수님께 메일 보내면 되는건가요?? 성적에 이상이 있는 것 같다고.. 아무리 짱돌 굴려도 성적이 이상해서,1
670,19/01/02 13:36,"성적조회 어케 뚫어,, ㅜㅜ",1
671,19/01/02 13:40,면담안했으면 성적 언제봐...,1
672,19/01/02 13:41,노트북 추천좀해주세요 ㅜ 75만원 이하 1. 부팅빠르고2. 인터넷빠르고3. 동영상잘돌아가고4. 잔고장 잘 없는걸루요!!,1
673,19/01/02 13:42,김혜영 교수님(고영독) 메일 아시는분 ㅠㅠㅠ ㅈㄱㄴ ㅠㅠㅠㅠ 도와주세요.. 강의계획표에 없네요..,1
674,19/01/02 13:43,다음학기 전공필수 같은거는 어디서 보나요?? ㅈㄱㄴ,1
675,19/01/02 13:43,평균모다 높으면 b+이지?. 총전 평균 74인데 나 78이면 b+이지???점수만알고 상담 안해서 성적 모름 ㅠㅠ,1
676,19/01/02 13:44,실험과목 +도 교수님 재량이신가요? A0 나왔는데 A+로 올려달라고 메일 보내긴 많이 그렇겠죠...?,1
677,19/01/02 13:46,계절 w띄웠다 첨부파일? 그거 안 올려도 되죠?? 인터넷으로 수강취소 신청했으면 걍 가만히 있으면 되죠? 아 개운해ㅜㅜ,1
678,19/01/02 13:46,지난학기 2.48 이번학기 3.79 네,1
679,19/01/02 13:47,실험성적 실험성적 B~A+ 인가요?보고서를 점수로 채점해서 주시는 분은 아니고 도장으로 대강 성적 주는데 하~중 도장이랑 중~상 도장으로 주시는데 하나빼고 중~상 받았은 거 치곤 학점을 너무 낮게 주심;;,1
680,19/01/02 13:48,성적조회못하는 애등아 너네 어케할거...? 상담왜안햇지 시발...ㅠ 교수님한테 물어볼거?ㅠ,1
681,19/01/02 13:50,질문요 중간은 평균 밑인데 기말 만점 받았거든요근데 b+떴는데 잘받은건가요? 아니면 사람들이 다 잘쳐서 그런건가요? ㅠㅠ교수님께 성적 문의하는건 실롄가요?전 지금 심각합니다 ㅠㅠ,1
682,19/01/02 13:50,재수강한거는 1학년 2학기꺼를 2학년 2학기에 재수강했으면 평점은 2학년 2학기에서 계산되는건가요?? 이번에 역대급으로 잘쳤는데 재수강한게 이번학기 평점 말아먹네 ㅠㅠㅠ 내 장학금.......,1
683,19/01/02 13:50,3.99 복전 어디 할 수 있어 문과야...누가 0.01만 빌려줘ㅠㅠ,1
684,19/01/02 13:50,시간강사분들 이메일 안알려준분들은 어케 알아낼방법이 없노 씨부레ㅠ,1
685,19/01/02 13:52,전체학점보다 전공학점이 0.5정도 낮으면 좀 그런가요?,1
686,19/01/02 13:55,인문대 남자 3.82면 그냥 진리 쓰는게 맞겟죠? 2학년 올라갑니다..,1
687,19/01/02 13:56,기말망치면 F입니까?,1
688,19/01/02 13:57,공대 복전은 학점 많이 높아야 돼? 3.5정도면 안 됨?,1
689,19/01/02 13:59,비제로에서 비쁠 정정메일 보내서 오른 사람 있어?,1
690,19/01/02 13:59,"기컴프 씨플 재수강해야할까요,,,,재수강하면 나아지긴할까,,",1
691,19/01/02 14:01,복전.부전은 직전학기보나요!?! ㅠ,1
692,19/01/02 14:01,성적표 집에 언제 와? ㅈㄱㄴ 도망쳐야하는데,1
693,19/01/02 14:01,원동필겨수님... 성적좀..,1
694,19/01/02 14:01,재수강 1학기때 F받은 과목 2학기땐 휴학했는데 이제 복학하려하거든그럼 작년 1학기때 F받은거 재수강+1학년 2학기 과목 전부다 듣게되는거야?,1
695,19/01/02 14:04,"질문있어요 현장실습 한학기 하고, 교환학생 한학기 하면.. 5-1학기 하는거 괜찮나요? 빡세게만하면 4-2학기까지 졸업학점 다 들으면서 현장실습, 교환학생 가능할 것 같긴한데 조금 더 여유롭게 학교 다니고 싶어서요ㅠㅠ 휴학안한다는 가정하에 한 학기 더 하는건 취업할 때 지장없나요? (여자입니다!)혹은 현장실습, 교환학생 둘 다 하신분들 어떻게 하셨나요??",1
696,19/01/02 14:06,ㅅㅂ씨프씨쁠 재수강 안할거임 안고간다,1
697,19/01/02 14:07,4학년 여자 기숙사 컷어느정도 될까ㅠ 자유관 학부생 4학년 여자80명 뽑던데대략 어느컷 넘어야할까ㅜㅜ,1
698,19/01/02 14:12,ㅎㅎ 나도 드디어 휴학이당 군휴학 Diva,1
699,19/01/02 14:13,예상보다 잘 받은 과목 있는데 기말 점수만 여쭤보는건 괜찮겠지???,1
700,19/01/02 14:16,복전할까 부전할까 마음속으로 공무원할거란 생각하고있지만 사람일이란 모르는거잖아요 그래서 부전보단 복전할까했는데 성적이 3.4인 인문대생이라 경통대는 복전이 아예 불가능해요ㅠㅠ여러분이라면 어떻게 하시겠어요?,1
701,19/01/02 14:19,고영독 저만 성적이 안나왔나요?,1
702,19/01/02 14:20,삼정 삼정그린코아 사시는 분들 월세 얼마내시나요?,1
703,19/01/02 14:26,재수강 질문 받아주세요 1-1학기때 전공 포함 4과목 F인데 2-2기나 좀 지나서 재수강해도 되나요 휴학 하고있는데 좀 찝찝해서요 ㅠ,1
704,19/01/02 14:26,4.2받았다.. 하 넘좋다 이번에 진짜 열심히했는데,1
705,19/01/02 14:26,오픽 토익 800점대 후반대인데 IM 어렵나요? 그리고 힘드나요?,1
706,19/01/02 14:39,전공 4.5면 ㅅㅌㅊ? 교양은 b..,1
707,19/01/02 14:40,자유관 학생들 무슨 기준으로 뽑음...? 각 단과에서 데려가나ㅠ? 아니면 전체애들 성적으로먼 봄...ㅠ?,1
708,19/01/02 14:40,a권에 A+ A A0인가요??,1
709,19/01/02 14:43,시간강사님들 성적문의하면 성적이 안올라와서 궁금해 미치겠는뎁 ㅠㅠㅠ 궁금해서 이메일이나 전화하면 싫어하시겠지...?,1
710,19/01/02 14:49,아 교수늼.. 왜 저에게.. C를..ㅠㅠㅠ,1
711,19/01/02 14:49,심리 부전 어때여 할까말까 고민중,1
712,19/01/02 14:50,국제관 몇시까지 문열어요?? ㅠㅠㅠ,1
713,19/01/02 14:52,인센티브 인센티브 들어왔으면🙏🙏,1
714,19/01/02 14:57,진지하게 고뇌중... 제가 이야기하는게 기분 나쁠수있고 싸가지 없게 보일수 있지만저에게는 심각한 고민이라 이렇게 글 올립니다ㅠㅠ이번학기에 처음으로 한과목 b+받았습니다늘 a+을 받았어서 좀 충격이었습니다중간고사를 좀 실수해서 기말고사 잘쳤는데 다 잘쳤는지...사실 b+하나 뜨는 순간 외부장학금 같은거 받기가 힘들어지거든요.. 가난한 대학생활에 보탬이 되던 거였는데이제 뭐 먹고 살아야하나 싶고....하고 싶은 공부도 있는데 어떻게 할지 냉정히 고민중입니다...집에서 용돈 줄 형편이 안되서 혼자서 알바도 하고 장학금 받으면서 버텼는데...약간 착잡하네요  괜히 교수님께 메일보내면 성적 떨어질까봐 걱정도 되고...ㅠㅠ,1
715,19/01/02 14:58,경영 전공과목들 진짜 열심히 했는데.. 학점 왜이렇게 안나오냐....,1
716,19/01/02 15:00,싸강 싸강 s면 패스에요?,1
717,19/01/02 15:02,웹메일 마이피누때문에 웹메일 필요한데 비번을 모르겠어어떻게하면 비번 변경할 수 있어?참고로 휴면계정이야,1
718,19/01/02 15:02,고토 ㅇㄷㅍ교수님 메일이나 연락처 있으신분 ㅠ̑̈ ㅠ̑̈ 성적 받으신분 있나요,1
719,19/01/02 15:05,내곧내 그 다음학기 3학점 더 들을 수 있는 요건?이 뭔가요?3.8이상에 몇학점 이상인가요?,1
720,19/01/02 15:05,아 부산학 에반데 비쁠은 나올줄 알았는디....교수님 여러명이면 누구한테 메일보내야하나요그리고 매일 없으면 어떻게 보내죠....,1
721,19/01/02 15:10,현대사회학이론 강의하신 김주영 교수님 메일 아시는분? ㅠㅠㅠㅠㅠㅠㅠㅠㅠ제발어,1
722,19/01/02 15:13,오늘부터 난 빛이 나는 솔로~,1
723,19/01/02 15:13,1학년때 과팅 오티 엠티 술자리 과행사 다 안해보고 이제 2핟년되는데 나같은 사람 있어? 후회안돼? 지금은 모르겠는데 나중에 후회될꺼봐,1
724,19/01/02 15:16,교수님 쁠채워주는게 어려운거 아니잖아요........저 열심히 했단 말입니다..... 내일 메일 넣겠습니다 흐흑,1
725,19/01/02 15:16,여성의 커리어개발 듣는 사람들 plms에 올라와있는 ㅎㅇㅈ 교수님 메일로 얼른 메일 보내봐 성적 가르쳐주신다 파업때문에 안올리신거래,1
726,19/01/02 15:17,2016 이때 기숙사커트라는데 구자유관 있을때라는데이때 웅비 큰거 남자가 쓰고 작은거 여자가 씀?,1
727,19/01/02 15:18,이태리어 성적 미입력 원래 언제올라와요?? 아까부터 딴거 다올라왔는데 이거만 안뜨넹 ㅜ ㅜ,1
728,19/01/02 15:19,공부 열심히 한 과목과 손놓고 던진 과목의 성적이 서로 바뀐거 같은데?? 공부한건 씨플인데 공부 안하고 던진건 에이제로인데 너무 분하고 기쁘다,1
729,19/01/02 15:19,강사님이 메일로전화주면성적알려준다시는데 메일도겨우알아낸건데 전화번호알려면 또 교양열어준과사전화해야하는걸까ㅜㅜ,1
730,19/01/02 15:19,?? A는 가뿐히 받겠다 싶었는데 b나와 부렀어요.. 제가 학번이 좀 높은데 교수님이 재수강이라고 착각하시고 비플줄수도 있나요 메일이라도 보내봐야 하나..,1
731,19/01/02 15:22,전공기초 재수강 과목 B0 떴는데 다시 재수강 할까 전공기초는 B+ 만들어 놓는게 좋아?,1
732,19/01/02 15:22,휴학해도 조기졸업 가능한가요? 가능한가요,1
733,19/01/02 15:26,신문원론 ㅎㅇㅊ교수님 성적 파일 저만 안열리나요ㅠㅠ 그리고 문의드리고싶은데 이메일이 안나와 있는데 혹시 아시는 분!,1
734,19/01/02 15:27,f뜬거 삭제 에프뜬거 없앨려고 재수강 할려고하는데 그거 다음학기에 바로신청해야하나요?아니면 졸업전까지만 재수강하면 되나요?,1
735,19/01/02 15:27,전공 지각 3번 a0인데 쁠안채워 주시겠죠..? 통계과목이라 점수도 철저히 장해서 주신 느낌...,1
736,19/01/02 15:32,장학금 전액 받을라면 몇등정도..?,1
737,19/01/02 15:35,오늘 스노우보드 오후분반 출첵 했나용..? 뭐가 겹쳐서 수강취소 할줄 알았는데 잘 풀려서..독강이라 전달사항 전달해 줄 사람도 없어서 게시글 올려요 ㅠㅠ,1
738,19/01/02 15:40,훠훠훠 다들 성적때문에 고민이 많겠군요 공돌이는 ncs문돌이는 공무원이나 준비합시다 훠훠훠,1
739,19/01/02 15:43,죽어도 재수강 못해 교수님이 내 이름 아신단말이야,1
740,19/01/02 15:43,공대 친구들 내가 공미 씨쁠이야 선대 이제 들을껀데공미 재수강 해서 공미+선대 같이 들을까그냥 공미 안고 선대만 들을까너무 어렵다😥,1
741,19/01/02 15:44,대실영 메일 보낸 사람 답 옴?,1
742,19/01/02 15:47,1학년 때 받은 c는 안고가도 안되나 앞으로만 잘하면 안되는걸까ㅜㅜ,1
743,19/01/02 15:47,재수강 생각하니 골 아프다 아이고 두야,1
744,19/01/02 15:49,"상경대 1학년 3.6, 3.5인데 괜춘?? 2학년부터 열심히 살면 되는 부분?",1
745,19/01/02 15:51,자유관 입사할려면 학점 높아야 하나염 다음 학기 때 들어갈까 생각중인데 후기 좀 들려주세요ㅎㅎ,1
746,19/01/02 15:52,성적정정 ㅆㄱㄴ? 성적 공지된거 보고 내가 엑셀 만들어서 교수계획표 비율대로 계산했을때의 내 학점보다 실제 학점이 낮게 나온거면 교수님 찾아가서 얘기해도 되나?,1
747,19/01/02 15:54,나도 다음학기 수강신청하고 싶다 근데 현실은 군휴학신청을 하는것ㅠㅠ,1
748,19/01/02 15:57,군휴학 왜안됨?? 학생지원시스템 들어가니까 기간이아니라는데???이거뭐지???,1
749,19/01/02 15:57,이민경 교수님 4주차 싸강 지금 못듣는데 날짜를 1월 1일까지 해놨어 이게 모지?,1
750,19/01/02 15:58,학점 뭘 더 올릴까요? 자연대이고 평균평점 3.6 vs 전공평점 3.5 인데선택과 집중을 할 수 밖에 없는 상황이라 전공평점을 더 올리는게 나을까요 평균을 더 올리는게 나을까요?,1
751,19/01/02 15:58,몇명부터 절대평가? 몇명부터 절대평가가 들어가나요? 20명이하?,1
752,19/01/02 15:58,기컴프 ㄱㄱㄷ a+ 절대평가 실화...? 시바 ㅠㅠㅠㅠㅠ,1
753,19/01/02 15:58,지금 필라테스 다니시는분들 어디 다니시나요!!!,1
754,19/01/02 15:59,시발 야동봤다고 여친이랑 싸웠다 내거 핸드폰으로 뭐 같이 보다가실행중인앱에 어제 새벽에 봤던 인터넷이 그대로남아있는거... 썅이상한거 아니고 그냥 국산이였는데.. 엄청 진지하게 말하길래 순간 나도 쪽팔려서어버버댔는데 눈빛이 졸라 뭔 벌레 보듯이 보더라생각해보니까 억울하네 지는 한번도 안봤나???사실 그냥 개쪽팔림 사귄지 한달됨....아.....,1
755,19/01/02 16:00,학고 기준 어케됨 학점 2 안 넘고 제일 높은게 C쁠 뭐 그런 성적임,1
756,19/01/02 16:00,313옆에 정보전산원?여기 몇시까지해용?? 알려주세요ㅜㅜ,1
757,19/01/02 16:11,멜론 이용권 너무 비싸 다른 곳 추천 좀,1
758,19/01/02 16:16,성적확인 교수님께 메일로 여쭤봤는데 답 없으시면 어떡해요 ..? 못봐요?,1
759,19/01/02 16:17,오늘  넉터에서 탭댄스 공연한다 성적 다시보니깐 B0에서 A0로 올라감ㅎㅎ,1
760,19/01/02 16:18,성적 정정 아니고 석차 알려 달라는건데.. 중간 때도 점수 안알려주신 교수님이라 시험 성적하고 석차 알려달라고 여쭤보려고 하는데 이거 실례 아니겠지??? 절대로 성적 올려주세요! 이런 말은 안할거고 그냥 궁금해서... 밑글 중 하나 읽고 나니까 뭔가 무서워서ㅠㅜ,1
761,19/01/02 16:20,학점레전드 .,1
762,19/01/02 16:26,교수님 실수로 오늘 싸강 출석기간 어제까지로 해놓으셨는디 제가 아무리 들어도 정보로 남지는 않죠?,1
763,19/01/02 16:28,한국법 한국법의 역사 다들 어떻게 나오셨나요 ?,1
764,19/01/02 16:30,정기활 s 는 머에여?,1
765,19/01/02 16:32,성적미입력 어떻게 8과목중에 4과목이 아직 입력이 안될수가있지...? 궁금해 미치겠네ㄷㄷ,1
766,19/01/02 16:33,다자녀 장학금 소득분위 상관 있나요????,1
767,19/01/02 16:33,요새 학교 안에서 뷰티인사이드랑 오즈의 마법사 가지고 캐릭터 조사하시는 분들 계시던데 이거 인터뷰 해도 되는걸까??ㅠㅠ 서면에서 비슷한 걸로 몇 번 듣고 시간 날린 적 있어서.. 학우분이면 도와드리고 싶은데 저번에 했던건 사이비 신천지 이런데로 넘어가더라고ㅠ 해 본 사람 있어??,1
768,19/01/02 16:38,부대 자취 두명이서 하면 달에 얼마정도 드나요?,1
769,19/01/02 16:39,ㄱㅁㄹ교수님 생활법률 메일 보낸사람 있어?,1
770,19/01/02 16:40,데이비드 성적 메일보냈는데 답온사람?,1
771,19/01/02 16:43,아 진짜 교수님;;; 꼰머를 넘어선 꼰모노임...,1
772,19/01/02 16:43,문돌이 재수강하면 되겠지?ㅠ 상경대 1학년 1학기 3.5 2학기 2.6인데 ㅜㅠ 재수강하면 어떻게든 커버되겠지?ㅠㅠ일어과 부전공이나 복전하고 싶었는데 그것도 그거고 성적이;;;,1
773,19/01/02 16:46,교수님 찾아갈때 음료수 사가면 철컹철컹이죠??하... 어떻게하면 잘 보일 수 있을까요? ㅜㅜㅜ 너무 급해요f받았는데 진짜 억울해서..,1
774,19/01/02 16:47,자기과 전선도 일선으로 넘길수있죠? 자기과 전선에서 남는거 일선으로도 넘길수있져?,1
775,19/01/02 16:49,경제학과 전공 족보 타는편인가요?,1
776,19/01/02 16:55,경제수학 d+은 예상못했다 하;;; 중간 30점 만점에 17점 받고 공부한다고 했는데 많이 부족했나봄;;;ㅈㅎㅇ 교수님 좋은분이긴했는데 ㅠㅠ,1
777,19/01/02 16:56,"계절 수강취소 w 처음 띄워보는데, 제대로 한 거 맞나싶어 검색해보니까 수강신청사유..? 같은 걸 썼다고들 하시는 분이 계시던데. 저는 그런 거 없었거든요ㅠㅠ 계절이라서 그런건가요? 이렇게 되어있으면 괜찮은거 맞죠?ㅠㅜ",1
778,19/01/02 16:57,대학생 리더십 아카데미 신청하신분 있나요? 1월 14일부터 가는거..,1
779,19/01/02 16:58,제니 카이 제니랑 카이 사귀는건 딱히 생각 없는데 다른 멤버한테 피해는 안 가겠지? 블핑 활동은 계속 하겠지? 그리고 뭔가 아이돌도 연애 한다고 하면 연애하고 있는 사람 안 건들듯이 연애하는 아이돌한테 관심이 없어짐...,1
780,19/01/02 17:00,대실영은 누구다? 제이슨이다,1
781,19/01/02 17:00,10시 20분에 보낸메일 지금도 답 없네 읽기는 하셨는데 왜 답이 없으십니까 ㅠㅠㅠㅜ,1
782,19/01/02 17:01,한시간뒤에 앰씨더맥스형님들 새앨범나온다... 학점보다 더 두근거리네...,1
783,19/01/02 17:06,재수강 질문 전공과목 재수강 할려는데 계절학기 재수강이 나을까? 정규학기 재수강이 나을까?,1
784,19/01/02 17:10,송문현 교수님 이메일 아시는분? 타과라 강의계획서에 없어서 알길이 없네요..,1
785,19/01/02 17:16,열사표 권서용 교수님 메일 아는사람 ㅜㅠ 성적이 안나오네,1
786,19/01/02 17:17,짝사랑 친구인데 고백하면 더 이상 친구사이마저 못될까봐 볼때마다 애타는 것 같아 에타에 글 올려봅니다.,1
787,19/01/02 17:18,중도 책 몇권까지 빌릴수있음?,1
788,19/01/02 17:18,성적문의 제로에서 쁠로 올려달라해서 올라가신 분 있나요 ?,1
789,19/01/02 17:19,"교양 성적 매길때 원래 1등부터 등수 순으로 차례차례 a,b 이렇게 매기지 않나요?그런데 성적 문의 하니까 등수는 안매기고 저 사진이랑 제 총점 알려주시는데 이렇게 하는 경우도 있나요???이렇게 매기면 a+,a 받는사람 5명도 안될것같은데",1
790,19/01/02 17:20,서면롯백에 남자숏패딩 이쁜 브랜드있어? ㅈㄱㄴ용,1
791,19/01/02 17:23,22여자 가 할만한 취미 추천좀,1
792,19/01/02 17:25,일본어 김봉정 교수님 이메일 아시는 분 있으신가요?ㅠㅠ,1
793,19/01/02 17:26,독감이래.... 격리 조치라서 내일이랑 월요일에 (5일격리라서) 학교가지 말라는데 계절이면 좀 너무 타격 큰거 아닌가.... 걱정.....,1
794,19/01/02 17:26,역대 최악의 성적 슬프다 인생 쓰네,1
795,19/01/02 17:27,교양 이수 교양 영역별로 이수해야하는거 어디서 확인할 수있어?,1
796,19/01/02 17:28,37명 중에 19등이면 B0야? 이정도면 B+줘도 되지않나..ㅠㅠ 기말 나름 잘친거같았는데 B0주시네...,1
797,19/01/02 17:31,아 근데 c까지는 그러려니 하는데 d는 어떻게해야 주는거임,1
798,19/01/02 17:35,학칙 어디서볼수있나여?,1
799,19/01/02 17:35,얏하~❤️ 다음 학기도 열심히 살아야지 ㅎㅎ,1
800,19/01/02 17:42,중어중문 부전 커트라인 어느 정도인가요?? 과사에 전화하니까 학과 홈페이지에 나와있다는데ㅜㅜ 아무리 찾아도 안보여요ㅠ,1
801,19/01/02 17:44,언놈이 아쿠아맨 노잼이라구함?? 제임스완 사랑해요 개꿀잼 ㅎㅎ,1
802,19/01/02 17:49,1학년 성적 2점 후반 대면 나중에 소생 불가능 해서 취업 못하나요?참고로 자연대 취업 잘되는 과,1
803,19/01/02 17:52,이거 퀴즈 다맞은거 맞나요? 제가 제출을 늦게한거같은대 점수가 이렇네요 ㅠㅠ괜찮은거 맞나요?풀기는 제시간안애 다풀얼는데검토완료를 나중에 있다했어요제출시간은 오분을 넘겼는데 괜찮나요?,1
804,19/01/02 17:52,지금 순버있나여? ??,1
805,19/01/02 17:55,메일 안보시는 교수님 메일 보내지말라는 말씀안하셨는데그냥 메일을 안보시는 교수님은과사에 전화해서 문의해도 되는부분?,1
806,19/01/02 17:59,퀴즈 제한시간 오분이라던데 오분넘으면 제출이 아예 안되나요 옆에 타이머도 없고...,1
807,19/01/02 18:04,샤오시안 주방알바 하실분 토일 12시~4시임 홀보다 시급 더줌 식사3시쯤먹움 오늘부터 학원다녀가지고 제가 하기힘들거같아서 하실분 계시면 쪽지주세요!,1
808,19/01/02 18:06,기컴프 김성렬교수님 이메일있는 사람있나요ㅠㅠ,1
809,19/01/02 18:09,계절학기 학점따기 좋나요?? 교바교고 수업빡센거 아는데 제가 계절학기 한번도 안해봐서요 계절학기때 아무래도 재수강하시는 분들이 많으니까 학점 받기 수월할거 같아서요전공 한두개 계절로 빼서 빡시게 듣는거 어떨까요?,1
810,19/01/02 18:18,부산대학교어플 왜이래요...? 로그인이 안되네요 저만이런가요,1
811,19/01/02 18:20,F 출석다했는데 오로지 성적으로만 F받아보신분?,1
812,19/01/02 18:20,성적 무엇? 타과전공이 내 과 전공보다 잘나오냐...내 전공 좋아하고 재밌고 잘하고싶은데 타과전공이 훨씬 성적이 좋네,1
813,19/01/02 18:27,"대실영 킴벌리교수님 성적 문의하면 잘 올려주나요? ㅜㅜㅜㅜㅜㅜ비제로 너무해,,성적뮨의 해본적이 없는데 보통 어떤식으로 보내나요?ㅠㅠㅠㅠㅠ",1
814,19/01/02 18:27,박범준 교수님 원래 이메일 보고도 답 없으신가요 하..ㅠㅠ 정말 예의갖춰서 성적만 여쭤본건데도 읽고 답 없으시네요,1
815,19/01/02 18:28,시간강사여도 이메일이나 연락처 알 수 있는 방법 없나요ㅜㅜ수강편람봐도 없던데..,1
816,19/01/02 18:29,가만히 있으면 성적 변동 될 일 많이 없지? 누군가 정정메일 보내서 내가 낮아질 일은 많이 없지?역대급으로 잘쳐서 불안함ㅋ 혹시 교수가 잘못 처리한 건 아니겠지,1
817,19/01/02 18:30,성적 미입력 성적 미입력 그냥 아직 안올려준건지 그 파업하는 교수님이라서 안올랴주신건지 어떻게 아나요? 따로 공지같은건 없었는데,1
818,19/01/02 18:31,이불 빨 건디 덱스터 얼마임?,1
819,19/01/02 18:32,중간고사때 딱 평균이었으면 기말고사를 보통 얼마나 봐야 A0나옴??,1
820,19/01/02 18:37,프랑스어 김경자교수님 성적 뜸 휴,1
821,19/01/02 18:38,복전 면접있아요? 정말있어요?,1
822,19/01/02 18:39,윤영득 교수님 이메일 윤영득 교수님 이메일 아시는 분 있나요..?ㅠ,1
823,19/01/02 18:40,아싸 킴벌리교수님 thank you!!,1
824,19/01/02 18:44,학교근처에 아이스크림할인점 어딨어여? 겨울되니까 아이스크림 겁나땡갸요 저는 북문쪽 자취하는데 북문쪽이어도좋고 정문쪽도 딱히 상관은 없읍니당 어디있나요 ㅠㅜ아시는분 저에게 한줄기 희망이 되어주세요 부탁드릴게요,1
825,19/01/02 18:49,부전공 통계학과 부전공 신청기간 언젠지 아시는분 소온..!!,1
826,19/01/02 18:50,내일일찍병원가야하는데 수업빠지려면 어떻게해야해요??,1
827,19/01/02 18:50,여러분들ㅠㅠ 내년 긱사 신청 기간이 언제죠?학사일정에 없어서 쫄려요ㅠㅠㅜ,1
828,19/01/02 18:52,오퍼 계절듣는분들 공부 시작함 ㅠ? 답없는데,1
829,19/01/02 18:53,과에서 성적 좋으면 주는 장학금 기준 뭔지 조교님한테 물어봐야 알 수 있는 건가? ㅠㅠ 보통 어느 정도까지 주는지 너무 궁금해,1
830,19/01/02 18:55,군휴학했는데 군휴학신청할때 다음학기 등록금 안내고 신청했는데 지금이라도 다음학기 등록금 납부할 수 있나요..?,1
831,19/01/02 18:56,시간강사 성적 개별적으로 알려준대놓고 아무런 연락도없네여 메일주소도 없고이렇게 정정기간 허비하게 만드네요자기들 권리만 중요하고 학생들 권리는 안 중요한가요물론 약속잘지키신분들도 계시겠지만 아닌분들도 상당수 있어서그분들을 더 이상 지지할 마음이 안 생기네요,1
832,19/01/02 18:58,병원 학교앞 병원은 다 가봤는데 다 별루여서요 어디 병원이 잘하나요??,1
833,19/01/02 18:59,토익 pass등록하면 유효기간 상관없이 그냥 졸업기준 충족하는건가여?점수 맞췄다고 치고,1
834,19/01/02 18:59,기계 성적 장학금 성적 장학금 몇등 정도까지 받나요 보통??많은 분들이 성적장학금 말고 다른 장학금들로 전액을 받고계신걸로 알고있고..인원도 많다보니 감이 안오네요 ..,1
835,19/01/02 19:02,어떤 교수님이 학점 잘주신거같다고 한마디했는데 누구한테 잘줬냐고 따져묻는건 뭔 성격개씹파탄자냐 ㅋㅋㅋㅋㅋㅋㅋㅋㅋ지도 잘받아놔서 찔리나 한학기 통째로 말아먹어서 이번학기 존나게 목매는것도 불쌍한새끼가 ㅋㅋㅋ,1
836,19/01/02 19:04,토익 독학vs인강vs학원 어떤게좋을까... 난 학원은 체질에 안맞아서... 참고로 토익에 대해선 공부가 사실상 처음..,1
837,19/01/02 19:08,에타 쪽지 나는 에타를 앱으로 안쓰고 홈페이지 상으로 사용하는 닝겐임 근데 이번에 뭔가 개정이 됐는지 홈페이지 상으로도 쪽지를 볼 수가 있어졌네? 그래서 보니까 8월달에 쪽지가 2개나 왔음 겁나 미안하네;;;;  지금 보내기도 엄청 뭐하곸ㅋㅋㅋㅋㅋ 쪽지 보내신 분들 죄송합니다.... 일단 저 아가새 아니예요 친구가 아가새는 맞지만 ㅎㅎ... 글고 부전공은 거의 상시모집하는걸로 알고 있어요 예... 암튼 쪽지 안 받으려고 그런 류의 글들은 올리지 않았다고 생각했는데 당황스럽군 ㅋㅋㅋㅋㅋ,1
838,19/01/02 19:11,1학년 2학기 마치고 칼복전 되나요? 성적 확정하고 복전 신청서 내면 칼복전 될까요?,1
839,19/01/02 19:15,씨쁠 어떨 때 나오는 학점이라고 생각해? 대충 느낌상!,1
840,19/01/02 19:17,오늘 마약왕 볼사람 서면 롯데시네마 21:40 볼수있는사람 1명,1
841,19/01/02 19:20,성적 정신 놓고 알바하다가 에타 보고 성적보러 갔는데 2.6..... 아놔....,1
842,19/01/02 19:22,고토 ㅂㅈㅅ교수님 원래 늦게 입력해주시나?? ??ㅈㄱㄴ,1
843,19/01/02 19:22,사범대 전공 c+ 안고갈까 재수강할까 임고볼거 거의 확실해서 학점이 상관 없긴 한데그래도 씨쁠은 재수강해야 할 것 같기도 하고ㅠㅠ 어떡할까?,1
844,19/01/02 19:26,계절 전공 f뜨고 학기에 재수강하면 b+이 최대? ㅈㄱㄴ ㅈㄴ고민중,1
845,19/01/02 19:28,다음학기 수강편람 언제쯤 나올까 계획 짜고 기숙사 신청하고 싶은데,1
846,19/01/02 19:34,국가장학금 성적 2.51넘으면 국장 다 걸리나요?,1
847,19/01/02 19:35,4.21 롤하러가야지,1
848,19/01/02 19:38,교직이수 교직이수 전년도 합격자 평균학점 궁금한데 과사에 전화해서 물어보면 알려주나요??ㅠㅠ아니면 다른데서 알수있는 방법이 없을까요?,1
849,19/01/02 19:39,영어영문 복전어때요? 어렵나용?,1
850,19/01/02 19:40,3.37 어떻게 생각해?ㅠㅠㅠㅠ이렇게 쓰니까 노답학점인게 확 느껴지네그래도 일학년이니까 괜찮겠지?,1
851,19/01/02 19:44,롤 듀오할사라암 실버 2임(부캐) 듀오하장!,1
852,19/01/02 19:44,"부산 컴퓨터학원 부산에 컴활이나 파이썬, (혹은 PPT라도) 배울수 있는 학원 없을까요?? 동네 컴퓨터학원 다니긴좀 그래서...",1
853,19/01/02 19:47,계과 선배님들 수치해석이나 재료공학같은거 전공선택이라 돼있는데 사실상 꼭 들어야하는건가요..?,1
854,19/01/02 19:51,3.82면 어디로 갈까.. 사회대나 경통대 될만한 부전 복전 모두 추천받아요..정시 인문대생이라 전과 자격도 있긴 하는데..,1
855,19/01/02 19:51,3.7 부복전 경영 부복전 될까요?...학과는 경통이에요,1
856,19/01/02 19:54,복학신청 언제쯤 하나용?,1
857,19/01/02 19:56,학점4.15 웅비관 ㄱㄴ? 부산사는데 ㄱㄴ?,1
858,19/01/02 19:58,메이플 잘하는사람?? 7년만에 복귀하는데너무 어려워져서 그냥 룩만 3만지르고초라이트하게 갈건데 금방 질리려나??,1
859,19/01/02 20:00,학교에 일베충 와이래많노? 노? 신고합니다 농담이고 학교에 일베충 ㅈㄴ 많네,1
860,19/01/02 20:02,하.... 경영힉과  3학년인데 장학금 받기 힘드네요4.5가 아니면 받지를 못하니까억울한게 진짜 열심히 했는데 부전공 하나가 b+떠서연초부터 기분 나쁘네요차라리 심전할걸 후회중....,1
861,19/01/02 20:04,A0 B+이나 A+ B0나 성적 같은건데 기분은 전자가 낫네,1
862,19/01/02 20:05,저 9월 3일 전역인데 그 년도 2학기 복학 가능?,1
863,19/01/02 20:06,경영 부전컷 있나요?,1
864,19/01/02 20:12,b0하나 있는데 장학금 못받겠지? ㅜ.ㅜ,1
865,19/01/02 20:12,복전 궁금해서 그러는데 졸업할때 복전 학점과 주전공학점 졸업장에 따로 명시되어 나오나요 아니면 합산돼서 나오는건가요?,1
866,19/01/02 20:13,이민경교수님 컴사수업듣는 분들중에 자동차 수업과제로 내신분 있나요 전 안내져있던데 이거 정상인가요? 기억이 잘 안나네요,1
867,19/01/02 20:18,105 제3공학관 엘리베이터 위치ㅜㅜㅜ 이 건물 엘베 대체 어디에 잇조ㅜㅜㅜㅜ? 있기는 한가?ㅜㅜㅜ,1
868,19/01/02 20:19,복전 부전 복전 부전 신청하려고 하는데 졸업요건 상세하게 알 수 있는 방법 없나요?? 과 홈페이지에는 졸업이수학점이랑 과목만 있어서,1
869,19/01/02 20:21,기숙사 성적 질문 올해 2학기 시험 조졌는데1.혹시 내년 기숙사 2학기꺼만 성적봄?2.1학기만 긱사 신청 할 수 있지?3.혹시 웅비관 진리관 3학년(없으면 2학년이라도) 붙었던 사람 중에 성적 어느정도 컷인지 아는사람 댓글좀 ㅠㅠ,1
870,19/01/02 20:27,강의평가 하고 성적볼때 싸강 낀 것은 둘다 평가해야 성적을 열람할 수 있나요? 오프라인만 평가하면 된다 그른거 없이?,1
871,19/01/02 20:30,"2점대라도 나오면,, 2학년부턴 학점 꽉꽉 채워서 듣고계절도 꼭 듣는다ㅠ_상담 안받아서 다음 주에 확인 가능.",1
872,19/01/02 20:30,2019 기숙사 신청기간 언제인가요?,1
873,19/01/02 20:34,한문1ㅈㅈㅇ 교수님 성적 메일로 받으신 분 계신가요??,1
874,19/01/02 20:37,복수전공 신청 학점 자기과 전공 기초 필수 다 들어야만 하나요?,1
875,19/01/02 20:37,고토 정대성 교수님 나만 성적 미입력 뜨니?,1
876,19/01/02 20:39,부산대 한의학 전문대학원 자연대생인데 저도 지원할수있나요..뭐뭐 준비해둬야 할지 모르겠는데 혹시 아시는분!!3학년입니당,1
877,19/01/02 20:46,기컴프 r언어 김경민 교수님 상대평가죠,1
878,19/01/02 20:47,토익 공부 수능1등급 찍고 영어 2년 쉬었는데 얼마나 공부해야 700가능?,1
879,19/01/02 20:52,행심 ㅈㅅㅂ교수님 수업 성적 몇점에 학점 얼마 받으셨나요..? 수강자 중에 비쁠이 많은 것 같아서요ㅠㅠㅠ,1
880,19/01/02 20:53,문화로보는 서양의역사 ㄱㅇㅎ교수님 메일이나 연락처 아시는분 좀 알려주세요,1
881,19/01/02 20:55,성적 메일 성적 안나와서ㅠ메일 보냈더니 답 없으신데 문자로 보내면 오반가,1
882,19/01/02 20:56,저는 C언어 학점발표에서 센세를 외쳤습니다 아아..센세,1
883,19/01/02 20:57,시간 강사님들 성적 미입력 하시는 거 의도는 뭔지 충분히 알겠고 지지하겠지만 개별적으로 알려주겠다거나 ㅇㅇ일까지 입력해주겠다거나 어떻게 하겠다고 어느정도 공지는 해줘야 하는 거 아니냐....... 아무 언질도 없이 문의 메일 보내도 확인도 안하시고ㅜㅜ 이러다 정정기간 까이면 학생들만 피해입잖아 ㅜㅜㅜ 강사님 본인들 권리만 중요한게 아닌데................,1
884,19/01/02 20:58,나 공부 왜캐 못해?ㅠㅠ,1
885,19/01/02 21:01,성적문의&정정 메일 어떻게 보내야 하나요 처음보내봐...,1
886,19/01/02 21:02,진료확인서를 복사본으로 내면 문제 생길까? 수업 세갠데 진료확인서를 한장만 받아왔어.....,1
887,19/01/02 21:04,성적 비율 과목 15명에서 들었으면성적 5명까지 a인가요,1
888,19/01/02 21:08,경암체육관 현금만 받는다는게 실화냐,1
889,19/01/02 21:10,메일 찾을수 없으면 어떡하나요ㅠㅠ 어딜봐도 교수님 메일이 없는데 plms도 안열으셔서 쪽지보내기도 뭐 한데 어디에 연락해봐야되는건가요?..,1
890,19/01/02 21:12,등수등수 혹시 등수는 몇일에 뜨는지 아시는 분 ?성적확정되고 그 다음주인가영?,1
891,19/01/02 21:12,공무원준비하려는데 필요한 자격증있어? 가산점이라든ㅈㄱ,1
892,19/01/02 21:14,글로벌 중국어 1 안승웅교수님 아직 성적 안뜬거 맞죠 메일 보냈는데 안읽으심 ㄷ,1
893,19/01/02 21:16,d+은 c로 거의 안올려주지? 하 국가장학금;;;,1
894,19/01/02 21:18,조슈아 제로에서 쁠 올려줄까?ㅜ,1
895,19/01/02 21:25,고토 조홍길 교수님 메일 주소 있으신 분!! plms 쪽지는 확인을 안 하시는 듯 싶네요ㅠㅠ,1
896,19/01/02 21:27,해외여행 유심 인터넷주문하는게 나을까요 아님그 나라 공항에서 사는게 나을까요?,1
897,19/01/02 21:28,2016년에는 웅비관 남녀 어케 나눳나요 어떤분 말로는 층별로 나눴다는데그럼 그땐 50대 50 티오로 나눈건지요..아니면 큰 웅비는 남자 작은 웅비는 여자???..,1
898,19/01/02 21:31,공기업 공기업 준비할때 대외활동이나 공모전 수상 등의 스펙이 중요한가요?? ㅠㅠ 아직 아무것도 한게 없어서 걱정되네요...,1
899,19/01/02 21:34,공부방법이 잘못되었나? 밤새고 공부한 시험 c+나옴 ㅠㅠ,1
900,19/01/02 21:36,라섹하신 분들ㅠㅠ 라섹하고 3개월넘게 야외에서는 선글라스를 껴야한다는데 무조건인가요???ㅠㅠ,1
901,19/01/02 21:36,복전 점수있잖아 이전 학년 점수로 들어가는거야?아니면 총합으로들어가? 만약3학년때 복전한다치면,1
902,19/01/02 21:37,이억남씨 서면에 순대전골집 화장실 하나가 무슨 말이나,1
903,19/01/02 21:39,귀걸이 갑자기 간지러운디 안맞는겨??2~3주동안 괜찮았는데 갑자기 간지러워서ㅠㅠㅠ그냥 피어싱으로 갈아버릴까,1
904,19/01/02 21:39,"전공 A A+로 올려준다 안올려준다 매일 앞에서 질문하는거 답 꼬박꼬박 하고 아이컨택하는 학생이였는데, 턱걸이 느낌인데 올려준다 안올려준다?",1
905,19/01/02 21:50,"1,2학기 총합 39학점 학점 4.1~4.2 60명 정도 과인데 몇 등할 수 있을까여..",1
906,19/01/02 21:56,1학기 때는 학점따기 개쉬웠는데 지금은 0도 주고 왤케 어려운 느낌이지 내가 잘 못한 걸까 아님 교수들 특성상 2학기는 갭나누는 편일까,1
907,19/01/02 21:58,제로에서 쁠 올려주심 ?,1
908,19/01/02 21:58,pnu 진행요원 문자왔나요 오늘 문자오신분 계신가용 ㅜㅜ,1
909,19/01/02 21:59,북문앞에 커브 24시간 안하죠?? 집 와이파이가 갑자기 이상하네 ㅜㅜ,1
910,19/01/02 22:05,채종석 교수님 이메일 아시는분 ..,1
911,19/01/02 22:06,마르크스 불온서적이야?? 잘 몰라서 물어봐ㅜ 사상가 책 경계심없이 다 읽어도 돼?,1
912,19/01/02 22:10,ㅂㅎㅈ교수님 서양문화유적탐방 답장 보내주셨네요 메일보내신분 확인해보세요,1
913,19/01/02 22:12,"교양 학점 교양 a0받앗는데 a+ 안되냐,, 메일넣어볼까,,",1
914,19/01/02 22:13,공대 1학년 4.2면 누적 5~10% 가능한가요 등수 잘나왔으면 좋겠다...ㅠㅠ,1
915,19/01/02 22:14,프랑스어 김승철 교수님 메일 있는 사람 있어?ㅋㅋㅋ아마 없을듯....강의계획표에 메일이 안 적혀있는데 성적을 안 올려주셔ㅜㅜㅜ,1
916,19/01/02 22:17,와아아 이번 학기 B+ B+ B+ A+ A+ A+ 이런 학점 처음이야,1
917,19/01/02 22:18,한국의역사와역사인식 003분반 한국의 역사와 역사인식 김현라 교수님 성적미입력뜨는데 오떻게해야하나요..?메일도 휴먼계정이라 안보내지고 쪽지도 안보내져요ㅠ,1
918,19/01/02 22:19,대중음악 정대성교수님 성적계속미입력뜨는데 메일넣어야할까요..,1
919,19/01/02 22:22,성적메일 솔직히 이번셤에서 젤 열심히 공부하고 대학수업중유일하게 폰안보고 다듣는수업인데 씨쁠나와서 메일 석차알려달라니까 안알려줌 (답장옴),1
920,19/01/02 22:23,성적말야 내가 절대 A+ 아닐거라 생각한 과목이 A+나왔거든 이거 교수님이 일괄로 입력해놓고 나중에 수정하려고 그러신건 아니겠지?그냥 내가 A+인거겠지?ㅠㅠ,1
921,19/01/02 22:24,부대에 빅나이프 사라졌나요???,1
922,19/01/02 22:25,비0 비쁠 61명 중에 37등인데.... 쁠 붙여달라는 건 너무 에바겟지...? 하.... 전공 띠바!!!!!!!!!!!!!!!!!,1
923,19/01/02 22:29,스트레스 받으니까 돈쓰고싶당 사고싶은 향수 살까말까??,1
924,19/01/02 22:32,학점 4.5면 당연히 과탑하는건가 올에이쁠,1
925,19/01/02 22:34,심심해!!!!! 으아아아아아아아심심해!!!,1
926,19/01/02 22:35,ㆍ ㆍ,1
927,19/01/02 22:36,아픈거 땜에 계절수업 빼먹으려면 이메일로 통보후 병원가서 진단서같은거 걍 떼와서 제출하면 출석확인되는부분?,1
928,19/01/02 22:46,"점수 변경 난이도에 대해 araboja 난이도가 10에 수렴하면 불가능하다.1. F인데 D0를 달라.->가장 난이도가 낮다. 그러나 저학년일 경우 돌아가라는 말을 들을 가능성이 높으니 고학년때 F를 받도록 하자.난이도 : 10점 만점 중 8점 = 10명 중 2명 성공2. D인데 D+를 달라.->그 다음으로 난이도가 낮다. 피해 보는 사람은 없기 때문이다. 더 떨어질 점수가 없으므로 네고는 쉽지만 난이도가 쉽지가 않다.난이도 : 10점 만점 중 8.7점 =100명 중 13명 성공3. D0, D+인데 C를 달라.->난이도가 9로 높아지는 부분이다. 그러나 C이하가 30%이상이라는 룰때문에 여기까지는 그래도 시스템상 교수의 부담이 덜하다. 그러나 욕을 안먹으면 다행일 것이다.난이도 : 9.4/10 : 100명 중 6명 성공4. C0, C+인데 B를 달라-> A,B,C의 비율이 정해져있는만큼 바꾸게 되면 모든 사람의 성적을 다시 재배열하고 다시 행정작업을 해야한다.  그 부담이 매우크다. 여기서부터는 철판을 깔아야한다. 그렇다고 해서 이메일로 인터넷 여포짓은 하지말도록 하자. 채점 오류 아니면 안된다.난이도 9.8/10 : 100명 중 2명 성공.5. B인데 B+를 달라.-> 비율은 정해져있지 않은 교수 재량이나 자기 자신을 다시 돌아보길 바란다. 나는 플러스를 받을만큼 했는가? 100에 97은 이 질문에 고개를 숙일 것이다. 난이도 9.7/10 : 100명 중 3명 성공6. B+인데 A를 달라.-> 여기서부터 매우 신중해지자. 교수가 학생 성적이 B0성적인데 B+인심써서 준건데 학생이 A까지 내놓으라고 메일을 보내는 경우가 있을 수 있다. 이 경우 괘씸죄로 성적이 하락하기도 하니 조심하도록 하자. 그리고 A 30이하라는 벽때문에 매우 힘들다.난이도 9.9/10 : 100명 중 1명 성공.7. A인데 A+를 달라.-> 여기서부터는 교수도 어느정도 이해한다. 최소한 자기 입장에서 인간이라고 볼 수 있는 존재들이 요청하는 것이기 때문이다. 10등까지 에이쁠일때, 내가 11등이라면 요청해보자. 13등인데 요청하면 11,12등도 쁠을 줘야하기에 받아들여지지 않는다.난이도 9.8 / 10 : 100명 중 2명 성공추가8. B0인데 C+를 달라.-> 왜 성적을 낮춰달란 것인지 이해 못하는 새내기들이 있을 것이다. 이는 재수강을 위함이다. 교수님의 수업이 매우 인상적이며, 한번 더 듣고싶고  한번 더 들을시 맨 앞자리에서 듣겠다고 아부하자. 그러나 바꾸지 않는 엄근진 교수도 있다.난이도 2/10 : 10명 중 8명 성공'시작하지 않으면 아무것도 시작되지 않는다.'그러나 리스크를 감당하도록 하자. 실제로 성적이 떨어지는 감동실화가 주위에 꽤나 흔하게 존재한다. 필자도 그렇다. 전공의 경우 교수가 빡쳐서 애매하게 맞은것을 그어버릴 수 있다. 이거 진짜다 ㅇㅇ.",1
929,19/01/02 22:48,성적에 이의제기할거는 아닌데 전공교수님이라 성적은 제대로 주셨겠지만 그냥 등수가 궁금한데 메일보내면 성적 올려달라는 뜻으로 아시겠지..,1
930,19/01/02 22:50,정정 이메일 보내서 성적 떨어질수도 있어 ?,1
931,19/01/02 22:55,스토커야 뭐야 동기 애 하나 있는데계속 틈새공격으로?뭐하냐 뭐할거냐 반찬뭐먹었냐  막 물어보거든?대답해주면 왜 그렇게 먹었냐 이렇게 먹지 그랬냐이러는데 ㅋㅋㅋㅋㅋㅋ   내 생활에 뭐 그리 관심이 많은지 좀 소름,1
932,19/01/02 22:56,드라마 영화 추천좀 방학때 집에시 귤까먹으면서 봐야지,1
933,19/01/02 22:58,한국 근현대사의 흐름 ㄱㅅㅁ 교수님 이메일 아시는분? 알려주실수 있으세요? ㅠㅠ plms도 안보시네요ㅠ,1
934,19/01/02 23:02,건도 아침 몇시부터 여나요??,1
935,19/01/02 23:02,월화순옥캐슬일이래 ㅋㅋㅋㅋㅋㅋㅋㅋㅋㅋ 미쳐따리,1
936,19/01/02 23:08,택배기사님 미워요ㅠㅠㅠ 분명 오늘 9시까지는 오신다고 하셧잖아요ㅠㅠㅠㅠ제가 8시부터 30분 간격으로 계속 확인하러 갔는데ㅠㅠ앞으로는 그러지 마세여...!!,1
937,19/01/02 23:11,스페인어 성적 받은사람? 교수님 왜 메일 안읽으셔????,1
938,19/01/02 23:25,사범대 전공 제가 1학기부터 전공기초 개망..해서 두개 씨플나왔었거든여..?그래서 이번에 나름대로 열심히했는데ㅋㅋㅋㅋ 소수과라 그런지 또 둘다 씨플이더라구여..?ㅠㅠ물론 제 노력이 부족했던거 겠지만..사범대 졸업조건에 전공 성적이 있었던 것 같은데..망ㅎㅎㅎ교수님께 메일드려볼까요ㅎㅎㅎ 어차피 안 올려주실 것 같지만..2학년부터 열심히 하면 될까요..?,1
939,19/01/02 23:26,방금 성적 봤는데 하나에이고 나머지 에이쁠이네..까비 자괴감 드네 ㅠㅠ,1
940,19/01/02 23:45,오케이 낼 정정메일 보낸다,1
941,19/01/02 23:47,님들 남자가 여친이 윗옷속옷까지다벗고 위에앉아도 아무런반응없는거 그럴수있음?,1
942,19/01/02 23:51,씨제로에서 씨플 메일 어떻게 보내면 좋을까요해보신분..,1
943,19/01/02 23:54,원래 공대 플러스 잘안붙여주나여... 다 제로야...,1
944,19/01/03 00:09,학고뜨면 집으로오는거 언제쯤 집으로 와요?,1
945,19/01/03 00:15,"성적잘못입력되는거 친구가 성적문의해서 알아봤더니 교수님이 성적 잘못입력해서 바꿔줬데ㅜㅜㅜ 그럼 내꺼도 잘못입력될 가능성 있는거지?? 후,,,, 같은과에 같은 교양이야",1
946,19/01/03 00:17,메일보내서 답왓는데 A+이래 행복하다🥳,1
947,19/01/03 00:23,메일 잘 안 보시는 교수님이라 재확인도 못하겠네 ㅠ 생각보다 너무 안 나와서 진짜로 점수만 보고 싶은데,1
948,19/01/03 00:23,옆집 지금 6시쯤부터 계속 문이 조금 열려있던데 일부러 열어둔걸까....??닫아줘야되나ㅠㅠㅠㅠ옆집에 누구 사늠지도 모르는데....,1
949,19/01/03 00:24,와 교촌 많이 죽었네 옛날에는 교촌만 먹었는데 오늘 집앞에 시켜먹었는데 왤케 맛없냐 느끼하기만하네,1
950,19/01/03 00:26,공무원 영어 박문각 학원에 이충권 어떰???,1
951,19/01/03 00:26,경제 복전 4.0 전공성적 딱 4.0인데 경제 복전 가능할까??단대별로 차이두거나 하지는 않지??,1
952,19/01/03 00:28,은테두리 두르려면 재수강 5개해야되네 글렀다..ㅠ,1
953,19/01/03 00:40,경영 복전 성적 전체성적 보는거임 아님 전공성적만 보는거임??,1
954,19/01/03 00:44,학점이 2점대가 나왔다 믿기질 않는다. 이번엔 열심히 했다고 생각했는데 아니였나보다. 아니면 내가 빡대가리인가보다.,1
955,19/01/03 00:47,와 ㅅㅂ 폼클렌징 18.09.25까지였어 모르고 썼는데...와.. 몇 번 써도 피부 멀쩡하길래 몰랐는데 ㅅㅂㅅ뷰ㅠㅠㅠㅠㅠㅠㅠㅠㅠㅠㅠㅠㅠㅠㅠㅠㅠㅠㅠㅠㅠㅠㅠ,1
956,19/01/03 00:48,교수님이... 딱 성적 말해주시고 상대평가고 등수대로 잘랐다고 하시면 뭐라고 보내야할까..?,1
957,19/01/03 00:54,복전평점 상경계 복전 전공평점이 아니라 전체평점 보는거죠? 4점대 초반이면 가능한가요?,1
958,19/01/03 00:57,나를 죽고 싶게 만드는 사람이면 그냥 무조건 끊는 게 나을까 근데 안 떠나기로 약속해서 그럴 수가 없어,1
959,19/01/03 00:58,선생님 선물 뭐 드리면 좋을까요?? 저한테 감사한 분이 계셔서 선물드리고 싶은데 뭐가 좋을까요?40대 초반이신듯 하고 여자분이세요!,1
960,19/01/03 00:59,경영 4.0x이면 장학금 못받나요? 4.3은 나올줄 알았는데 교양 뒤통수.....ㅠㅠㅠㅠㅠㅠㅠ,1
961,19/01/03 01:08,18이라 그런건지 잘 모르겠는데 얼마나 공부를 안하면 c를 받아? 고학번가면 원래그런가?,1
962,19/01/03 01:08,종아리 얇아지는법 제발 ㅠㅠ 다리 운동하니까 허벅지는 얇아지는게 느껴지는데 종아리는 살도 안빠지고 알도 안빠져... 어떻게 해야할까 ㅠㅠ,1
963,19/01/03 01:10,유럽 다문화와 이슬람 김동조 교수님 메일 아시는 분,1
964,19/01/03 01:10,라틴어 ㅇㅅㅍ교수님 성적입력언제되여? ㅈㄱㄴ,1
965,19/01/03 01:19,"오늘 친구가 나한테 한말인데 판단좀 해줘 내가 유치원생때 부터 국내선 비행기 혼자 타고 다녔음아는 사람은 다 알겠지만어린애가 혼자 타는 경우에동의서 작성하면스튜어디어스가 옆에서 케어해주면서마중나온 보호자한테 인계해주는 서비스가 있음이런식으로 타고 다녔단 말이야친척집이랑 우리집이랑 멀어서혼자서 친척집 가고 싶을때 이런식으로 맨날 갔었어어쩌다가 비행기얘기 나와서이 얘기 해줬는데친구가 “내가 부모라면 그렇게 안할거같다”이랬어이 말 어떻게 생각해..??나는 이말이 순간적으로우리 부모님 욕하는 거 처럼 들려서기분나쁘고 당황스러웠거든글고 애초에 우리 부모님이 나를 혼자 방치한 것도 아니고안전한 방법으로 보낸건데굳이 저런 말을 할 필요가 있나...?근데 문제는 얘는 악의없이 걍 순수하게 자기였으면안그랬을거 같다고 말한건데 내가 예민한거 같기도해쟤가 대놓고 패드립을 한것도 아니라서상황판단이 안된다,,객관적으로 내가 예민한거라면 말해줘,,,",1
966,19/01/03 01:20,이제 2학년 올라가는데 취득학점 32면 좀 적은가?? 1학기때 하나 에프받아서ㅜㅜㅜㅜㅜ계절 하나 듣고있긴함니다,1
967,19/01/03 01:20,국민은행 카드발급 현장에서 바로 되나요? 체크카드 한장 내일 가서 발급받으려고 하는데 현장에서 바로 주나요?,1
968,19/01/03 01:22,정외과!! 정외과 복전 신청시 합격 학점 커트라인 높을까요?!?전공평점 3.5인데 안될까요....!!?ㅠㅠㅠ,1
969,19/01/03 01:23,근데 성적 성적 미입력이 있고 미확정이 있는데 미확정은 뭐야..?그냥 둘다 똑같이 교수님이 입력을 안하신건가??,1
970,19/01/03 01:23,지금 서면 택시 엔빵하고 갈 사람!! 있나용ㅠ,1
971,19/01/03 01:23,18학번인데 1학기 3.82학기 3.6나왔는데 이정도면 평타는 친거죠?,1
972,19/01/03 01:23,카드 잃어버린 김효수씨 찾아요 카카오카드임 정문쪽에서 주움 ㅇㅇ낼까지 아무도없으면 파출소에 맡기던가함,1
973,19/01/03 01:24,성과 사랑의 철학 ㄱㅁㅈ 교수님 메일 아시는분 알려주시면 감사하겠습니다 ㅜ. ㅜ,1
974,19/01/03 01:24,아싼데 족보 어케 구함...,1
975,19/01/03 01:26,3.08에서 4.0으로 올렸다 후후후ㅜㅎ...,1
976,19/01/03 01:30,책 연체 3권 15?16일이면 연체료 얼마에요?ㅜㅜㅜㅜㅜ현금만 가능한가요,1
977,19/01/03 01:31,1학년 평점 2.중반 에서 졸업할 때 3후반 4초반 정도로 만들기 가능?,1
978,19/01/03 01:39,18학번 취득학점 어느 정도 받는게 보통이에요?34.5학점인데 좀 적은가?,1
979,19/01/03 01:48,제로에서 쁠로 올릴 수 있을까 보내보는 메일에서 그냥 세부 성적이랑 등수만 여쭤보면 딱 이것만 답해주실거 아니야.. 근데 사실 내 목적은 저 제목인데 어떻게 보내야하지 대놓고 저렇게 물을 수도 없고 보통 어떻게 보내??,1
980,19/01/03 01:50,일본노랜데 개좋네 https://youtu.be/s_fhSP-50zU듣고평가좀,1
981,19/01/03 01:55,야 등수 매기자나 야야 등수 매길때 기준이 뭐임???전공평점 / 학번 임???,1
982,19/01/03 02:09,과제 2바닥하는데 보통 얼마나 걸려? ㅈㄱㄴ,1
983,19/01/03 02:11,사회대 복전 컷 어느정도될까 '^',1
984,19/01/03 02:17,과잠 18학번인데 과잠을 안샀었거든 ㅠㅜ 후회중인데 지금 살수있어?ㅜㅠ,1
985,19/01/03 02:19,글로벌 중국어 김현희 교수님 연락방법 아는사람 ㅠㅠ 강의계획표에도 아무것도 안적혀있어ㅜㅜ,1
986,19/01/03 02:27,전체평점이 높으면 좋은게 머야? 1학기 2학기 합친 학점이 높으면 좋은점..?,1
987,19/01/03 02:31,천재들만 이거 어떻게 푸나요??,1
988,19/01/03 02:32,1학년1학기 올 비쁠이고  2학기부터 했을때 3학년이나 졸업때쯤 상위10퍼가능할까,1
989,19/01/03 02:34,이메일로 대화할사람 번호는 뭔가 그렇고 심심한데 할사람,1
990,19/01/03 02:37,이 중에 제일 간지나는거 골라주세여 학 설렌당,1
991,19/01/03 02:39,성적미입력되신분들 0515101916 0515101222여기전화해야 시간강사분들 성적관련해서 가르쳐주신데요!,1
992,19/01/03 03:08,F도 평균 평점에 영향 미침? F 받으면 학점 이수 안한걸로 따지잖슴 근데 평점 자체에는 그 과목의 학점 만큼의 영향을 미침?,1
993,19/01/03 03:10,배고프다 시발.. 라면부숴먹는다 안먹는다,1
994,19/01/03 03:17,꽈배기 존나꼴린다 진짜 ..,1
995,19/01/03 03:18,성적 잘받았든 못받았든 부모님한테 말씀드림?? 아니면 그냥 말 안해?,1
996,19/01/03 03:27,A+는 보통 몇퍼센트까지 주나요ㅜ 이번에 전공 A0인거 있는데 교수님이 시험친거 과제 등등 모든 성적 다 올려주시는 분이라 엑셀로 줄세워봤는데 내 위에 학생들이랑 점수차가 없다시피해서 너무 아쉽다ㅠ 메일 한번 보내보는게 맞을까여..,1
997,19/01/03 03:55,여성분들커몬 비꼬는것도 아니고 비하하는것도 아닙니다우리세대때 여성들은 무슨차별을 받고 무슨 불이익을 받고있나요?다시 한번 말하지만 비꼬는것도 아니고 비하하는 의미도 아닙니다 정말 궁금해서 그래요,1
998,19/01/03 04:14,교수님께 정정메일 보냈는데 읽고 답장이 없으시네..ㅠㅠ 별 이변이 없는 한 안 바뀌겠죠 제곧내,1
999,19/01/03 04:19,심2 생각보다 점수가 안나왔네ㅠ 비쁠은 나올줄 알았는데 비제로라니..,1
1000,19/01/03 05:17,왤케 난 지난 일에 대해 미련을 못버려 이 바보멍청이 해삼 말미잘같은ㅠ ㅠ.  ㅠ..,1
1001,19/01/03 06:34,나이제 피씨방간다 밥머그러,1
1002,19/01/03 06:51,학교 앞이나 안에서 가장 빨리 여는 문구점이나 편의점 몇 시에 여나여? 중요한 시험이 있어서 화이트를 사야 되는데 아홉시 쯤에 여는 데 있을까요 ㅠ,1
1003,19/01/03 07:15,지금 군휴학 안되나요 휴학신청기간 아니라고 뜨면서 안되는데 이거 어떻게 하나요?,1
1004,19/01/03 08:18,원어강의 원어강의는 AO에서 A+ 희망있을까?+는 교수재량인데다가 최대 50%까지니까 ㅜㅜ교수님만의 기준이 있으셨겠지만 출석도 다하고 과제도 제때내고 시험도 괜찮게 친 것 같은데 너무 아쉽다..,1
1005,19/01/03 09:03,마지막 하나 받아서 4.03... 소수관데 성적장학금은 무리겟지 쓰바...ㅠ,1
1006,19/01/03 09:05,"웅비관 이번에 재학생 모집 350명이던데 2019 대학생활원 모집 보니2,3,4 학년순으로140 140 70명종전에 남녀 공동 할때 남자 재학생 120명 뽑은16년도 커트 보니 3.8~3.9대였는데(2학년 48명 3학년 48명 4학년 24명 모집한듯)17은 여기서 더 반토막 나서 학년당 24명 이렇게뽑아서 전부 4점대였고..여튼 이제 남자 올 웅비가 된 상황인데1,2학기 평균 3.85정도면 넣어볼만 할까요??2학년 올라갑니다",1
1007,19/01/03 09:06,현대생활과화학 ㄱㅅㅁ교수님 다들+채워받으셨나여..?,1
1008,19/01/03 09:24,전과 여러분 전자과로 전과 하고 싶은데 학점 어느정도로 받아야 할까요.. 현재도 공대이긴 합니다,1
1009,19/01/03 09:24,건도 사물함 노양심들 졸라 많네 내가 배정받은 사물함인데 떡하니 잠금장치ㅋㅋㅋ에휴 노답들아,1
1010,19/01/03 09:32,답변좀 토목공학과 전출시에 제한사항 있나요???? 다른 곳보다 나가기가 힘들다고 하는데 왜죠???,1
1011,19/01/03 09:33,"개인적인 내 생각:여자도 군대를 가야만 한다 (태클환영) 1.여자도 20세가 되면 신체검사를 한다.2.여자기준에서 1급,2급은 현역으로 입대한다.3.임신중인 사람은 면제한다.4.복무기간은 1년전시상황에서는 적군에게 있어 남녀, 여남의 구분이 없다. 그런 상황일 때 여자도 충분히 자기 몸을 지킬 수 있을 정도의 군사훈련은 필수라고 생각한다. 적어도 전시상황에서 어떤식으로 어떤 일들이 일어나는지는 알아야지 그냥 전쟁났다고 빼애액 하면서 도망다니면 그들을 지켜주는 병사들도 일반 민간인들을 지키는데 있어 힘들 것이다.",1
1012,19/01/03 09:39,계절 w기간 지남요? 그러함요?,1
1013,19/01/03 09:46,경통대 학점 경통대 취업시 서류에서 마지노선학점이 몇점이라고 생각하시나요...?싸질러놓은 똥 치우느라 힘들다;ㅎㅎㅎ,1
1014,19/01/03 09:49,건도 사물함 건도 사물함 방학동안 안 쓰시는 분 없나용?ㅠㅠㅠ,1
1015,19/01/03 10:07,정정메일보내고 교수님이 답장오셨는데 못 바꿔주신다네요답장 할까요 말까요?,1
1016,19/01/03 10:17,신검 신청했다...,1
1017,19/01/03 10:18,성적 이의신청 답변 교수님이 답변을 자세하게 해주셨는데 또 감사하다고 답변 메일을 보내야하나요? 아니면 읽고 끝내면 되나요? 더 문의할 내용은 없어요!,1
1018,19/01/03 10:22,계절 전공 2번 결석인데 B0 어렵나?,1
1019,19/01/03 10:22,학점 3.99 교수님 쁠좀 달아주이소...,1
1020,19/01/03 10:36,성적미입력되신분들 0515101916 교무과0515101222 학생성적부서여기전화해야 시간강사분들 성적관련해서 가르쳐주신데요!,1
1021,19/01/03 10:49,지금까지 성적미입력된 과목은 개안적으로 이메일로 연락하지 않은이상 끝까지 안올려주시겠단 거여...? 진짜 짜증나게하네.......ㅜㅜㅜㅜㅜㅜㅜㅜㅜㅜㅜㅜㅜ,1
1022,19/01/03 10:49,고토 금 3시분반 전영섭교수님 성적 나오신 분..? 있나요 ㅠ,1
1023,19/01/03 10:53,여자들 카톡할때 고맙습니다 ㅠㅠ수고하셨습니다 ㅠㅠ고생하셨습니다 ㅠㅠ무슨의도로 ㅠㅠ 쓰는거임?,1
1024,19/01/03 10:55,세계를 바꾼 음식 성적.. 왜 안나오냐아아ㅏ,1
1025,19/01/03 11:00,"재수강 최대 학점이라는게 재수강하고 A받았지만 이학생은 재수강한거라 B+로 변경 이런 건가요,",1
1026,19/01/03 11:02,연체된 책 반납 연체된 책은 꼭 중도가서 반납해야하나용?,1
1027,19/01/03 11:02,1학년때 학점 상대적으로 따기 쉽다고 선배들이 그러던데 ㅠㅠ 잘따놓으라 하시던데 1-2학기 휴학 했거든? 1-2학기도 1학년 커리 이니 따기 쉬운거야?,1
1028,19/01/03 11:03,교양 C+ 굳이 재수강 필요없지?,1
1029,19/01/03 11:04,춥다추워 히터가왜안나오는것이냐😭,1
1030,19/01/03 11:15,세계를 바꾼 움식 이거 성적 왜 안나와요요?!!,1
1031,19/01/03 11:17,"1,2학기 평점 근데 왜 1,2학기 총합 평점 궁금해하는 거예요??그걸로 평가되는 게 있나요?!?진짜 몰라서 물어보는 거예요!",1
1032,19/01/03 11:18,한국 전통 사회와 여성 들으신분들 정정메일 보내셨나요..?,1
1033,19/01/03 11:22,성적정정메일 사유 뭐라고 했어? 진짜 열심히해서 a+뜰줄알았는데 a0받은 사람들아너희는 머라고 보냈어??,1
1034,19/01/03 11:23,F 뜨면 평균학점에 영향 미치냐고 물어보는 사람들아 당연히 미침.. 어마무시하게 미침. F 뜬 과목은 학점 계산할 때는 그 과목 점수가 0점으로 들어가서 학점 어마무시하게 깎아먹음. 근데 과목 점수가 0점이라서 이수학점 계산할 때는 안 들은 거나 마찬가지로 치기 때문에 포함이 안 되는거야.한마디로 F 뜨면 ㅈ됨,1
1035,19/01/03 11:24,"와 소름;;;;자살 ‘당했다’ 이틀전에 자기는 자살안한다고,자살하면 자살’당한거’라고 함.",1
1036,19/01/03 11:30,부산대 롱패딩 사요!! 사이즈 작으면 조아요 ㅎㅎ,1
1037,19/01/03 11:33,여자가 말하는 잘생겼는데 스타일이 구리다는 칭찬임? 욕임?,1
1038,19/01/03 11:34,실험과목 몰아서 들어도 되나요 실험 진짜 극혐이라 그냥 전공과목 먼저 하고 4학년때 몰아들어도 될까요??,1
1039,19/01/03 11:34,싸강 C+인데 생각해보니까 시험은 잘 봤는데 과제를 개판으로 냈거든씨쁠 뜰 만 했다 ㅇㅈ?,1
1040,19/01/03 11:35,성적미입력 이번에 성적미입력이 많던데 왜 구런건가요ㅠㅠ?,1
1041,19/01/03 11:36,이과에서 공공전과 힘들까요? 과가 너무 안맞는것같아요ㅠ 학년이 올라갈수록 많이 힘드네요공공은 부전공으로 생각하고있었는데총 3.5정돈데 가능할까요ㅠ 조언부탁드려요ㅜ,1
1042,19/01/03 11:38,기공인데 평균전공학점도 엄청중요한가요?? ㅈㄱㄴ,1
1043,19/01/03 11:39,"교양선택 사회문화 외국어 과학과 기술, 사상과 역사 문학과 예술 과학과 기술 건강과 레포츠 융복합 중 택2라고 나와있는데 그럼 교양을 총5개 들어야 하는건가요? 제가 이해를 잘못한 건가요?",1
1044,19/01/03 11:41,경제 ㅈㅎㅇ교수님 메일보내신분들 교수님께서 메일 읽으셨나요?ㅠㅠ 어제 보냈는데 아직 안읽으셔서...,1
1045,19/01/03 11:51,짬뽕상회 짜장면 맛 어떰??,1
1046,19/01/03 11:51,성적정정됐당! 이메일도 안보내고 A0로 만족하고있었는데 교수님이 A+로 올려주심 ㄱㅇㄷ!ㅎㅎ,1
1047,19/01/03 11:57,성적 등수 과 등수는 언제쯤 나올까요?,1
1048,19/01/03 12:03,103명중에 100등 이면 F임?,1
1049,19/01/03 12:04,씨이이이이이발 성적...,1
1050,19/01/03 12:04,문과에서 인천대가 어느정도? 부산대 포함 다른학교랑 비교하면?누가 정시 지원한다길래,1
1051,19/01/03 12:07,1학년 자연대 3.17 진리관 가능할까? ㅈㄱㄴ,1
1052,19/01/03 12:09,d+ d0 구분 d도 플이랑 제로 구분있나요? d+이면 1.5고 d0면 1인가여??,1
1053,19/01/03 12:10,올영 알바 7개월차... 보통 진상들은 나이많은 아줌마고잘없지만 진상끝판왕은 늙은할배임여자는 남자보다 아래+손님은 왕 마인드로 똘똘 뭉친 보스반말에 소리지르기는 기본^^이런 고객님들 응대법: 젊고 건장한 남자직원 불러주면 찍소리도못함,1
1054,19/01/03 12:11,상담 안받은 애들아 니네 메일 교수님한테 보내서 물어보냐,1
1055,19/01/03 12:11,pnu진행요원 연락왔나요 ㅜㅜ,1
1056,19/01/03 12:15,c0받은거 찾아가면 c+변경가능할까 음...,1
1057,19/01/03 12:17,b비율 70퍼센트까지 아님?? 전공인데 61퍼나와서 c+이래 ㅠㅜㅜ,1
1058,19/01/03 12:17,부대생 할인 영화관 부대생 할인 그냥 가서 예매하면서 학생증만 보여주면 바로 해줘요? 얼마 정도 차이나요??,1
1059,19/01/03 12:22,교수님께 성적문의 메일 보낼때 제목을 뭐라고해야 읽어보실까,1
1060,19/01/03 12:25,가만히 있었는데 비쁠에서 에제로 정정됨 뭐냐? 개이득,1
1061,19/01/03 12:33,고토 성적 언제 나오나요? ㅈㄱㄴ,1
1062,19/01/03 12:33,성적 정정 및 열람기간되면 항상 쪼린다 하루에 기본 몇 번씩 성적 내려간거 없나 걱정되서 앱으로 성적 조회해봄...난 대학 생활 2년동안 한 번도 정정기간에 올라가거나 내려간적 없는데.. 커뮤니티보면 은근 많더라구.올라가는거야 좋은데. 그보다 걱정되는게 내려갈까봐 걱정되서 정정기간 내내 수시로 들어가보는거. 나만 이런가? 너희들은 어때,1
1063,19/01/03 12:41,신곡 부산대 주위 코노중에 업뎃된곳 있으면 알려주세요,1
1064,19/01/03 12:43,국가근로 차상위에 학점 4정도면 붙을 수 있을까요??,1
1065,19/01/03 12:44,흑흑 교수님ㅠㅠ 성적이랑 등수 정 알려주시기 싫으시면 싫다고라도 답변 보내주세요 흑흑.. 성적 올려달라는거도 아닌데 왜 읽씹하세요ㅠㅠ 교수님께 나쁜짓 한 것도 아니고 한 학기동안 수업도 잘 듣고 과제도 다 내는 착한 학생이었잖아요ㅠㅜㅠㅜ 어제부터 메일만 도대체 몇번을 확인하는지ㅠㅜㅠㅜ,1
1066,19/01/03 12:46,"여자는 약자인가요? 여자는 약자인가? yes or no당신은 자신의 희생으로 약자를 도와주는 사람인가? 노숙자들을 위해 봉사라도 한번 해보았나? 초록우산어린이단체에 후원이라도 하는가?너의 세금으로 약자들을 도와주자는 법안에 찬성하는가?만약 당신이 약자의 편을 들어주는 사람이라면 그 범위는 어디까지인가?너희 동네 어르신까지인가?성매매여성인가?최전방군인인가?아프리카 기아인가?제주도 예멘 난민인가?사람들은 약자를 보호하자며 여성안전관련 법들은 찬성하고 난민은 반대한다.제일 많이 들어본 소리가 ""난민을 내가 왜 받아줘야해?""였다. 그럼 여자들 문제는 내가 왜 받아줘야하는거지?약자를 보호한다는 명목은 그냥 허울좋은 핑계이다.표 많이 주는 여자들 의견 들어드릴게요~가 된거지, 인류애에 기반해 약자들 보호하려는 게 아니지.시발 아직까지 난민 찬성하는 사람을 못봤고, 장애인고용법 찬성은 다들 하더라? 그런거 찬성하면 좀 깨어있는거 같고 있어보이는건가?약자를 보호하지 말자는게 아니다. 인류를 사랑하는 깨시민인척좀 그만해라 시발또 뭐 댓글로 ""난민들은 우리한테 실질적인 위협인거고, 장애인고용 좀 시켜주는게 그리 대수냐 쪼잔하게"" 이럴거 같은데너희들 당장 너희 세금으로 장애인복지지원금 주자는 법안 나오면 찬성할건가? 아무도 안할걸",1
1067,19/01/03 13:01,d0랑 d+은 메일 넣어봐도 되겠지? 재수강 하긴 해야되는데 어짜피 더 떨어질때도 없고ㅠ c0만 되도 안고갈 생각이라,1
1068,19/01/03 13:06,열사표 권ㅅㅇ 교수님 번호도 없도 메일도 안보이고 성적을 어떻게 확인할 수 있을까ㅜ 언제 올려주시려나...,1
1069,19/01/03 13:08,"엔화... 아니 ㅜㅜㅜㅜㅜㅜㅜ 왜이리 올라,,,, 떨어질때까지 쥼만 버티디가 할랬는데 계속 오르네 다음주 일본가는데 버티는게 좋을까유...??",1
1070,19/01/03 13:18,대실영 f나왓는데 출석 3번빠지고 싸강3번빠지면 나와요?,1
1071,19/01/03 13:19,옷 올해 3월 군대가는데 옷 사는거 낭비?군필형들 답좀,1
1072,19/01/03 13:22,북문에 카레모모 현금할인 얼마나 해줘? 해주는거야? 난 원금 그대로 계좌이체 했는데ㅠㅠㅠ,1
1073,19/01/03 13:26,ㅁㄱㅈ 교수님 한 3일 기다려야하나요? 궁금해서 미치겠네 하ㅠ,1
1074,19/01/03 13:27,문창세탁소 허리줄임 문창세탁소에서 바지 허리줄일려는데 얼마나 들까요,1
1075,19/01/03 13:27,BIFF 성적 메일 보냇는데 읽씹...,1
1076,19/01/03 13:30,기적은 일어났습니다 C0 => B+,1
1077,19/01/03 13:30,내 옆 앞자리 여자분들 머리좀감고오세여비듬뽑아버리고싶네,1
1078,19/01/03 13:32,주먹왕 랄프 볼사람ㅠ 보고싶다.. 혼자못가 도와줘ㅠ나 남자야 남자도 드루와 팝콘먹고싶다헷,1
1079,19/01/03 13:36,토익 출첵 까먹고 안하고 들어왔는데 마치고 말하면 봐쥬나요?...,1
1080,19/01/03 13:39,???: 어라? 여기가 지옥이었나? ???: 아뇨. 여긴 [대한민국]입니다.어차피 공감은 선택적이죠https://m.insight.co.kr/news/172716,1
1081,19/01/03 13:42,영어영문부전 영어영문부전 생각중인데 어떤가요 ?,1
1082,19/01/03 13:51,일어1 성적미입력 이거는 어디에다 문의해야하나요ㅠㅠ?? 일어일문 과사에 하면 되나요?? 교수님 연락처가 따로 없던 것 같던데ㅠㅠ,1
1083,19/01/03 13:54,전공 씨쁠 어쩌냐 안고갈까 재수강할까..,1
1084,19/01/03 13:55,기계관엔 정수기 어딧나영 목말라..,1
1085,19/01/03 14:00,교양 성적 교양 교수님이 시간강사라 성적입력을 안해주셔서 메일 보냈는데 읽씹당했는데 뭘까내가 너무무례하게 보낸껄까...어제 보냈던 사람들은 다 성적받은거 같던데..,1
1086,19/01/03 14:01,본부에 jtbc 왜 옴??,1
1087,19/01/03 14:02,1.5학점짜리는 학점계산기 못돌리는데 계산 어케해...?ㅠㅠㅠㅠㅠㅠ,1
1088,19/01/03 14:07,자유관 1인실 학부생도 살 수 있나요?,1
1089,19/01/03 14:10,우리 학교엔 장학금 종류가 ㅁ뭐뭐있어?? 국장이랑 성적장학금 프리미어 장학금 근로장학금 이정도인가?!그 성적장학금은 따로 신청 안해두 성적 오르거나 학점 높으면 자동으로 선정돼서 들어오는거야..?,1
1090,19/01/03 14:12,새도 언제까지 공사여?,1
1091,19/01/03 14:12,교수님 메일 읽지도 않으셨어 ㅋㅋㅋ 흑 많이 바쁘신가,1
1092,19/01/03 14:15,방학 때 샛벌 저녁 안하나유? 알려줘유,1
1093,19/01/03 14:15,기초스페인어 성적 안나왔다고 메일보낸사람?,1
1094,19/01/03 14:17,세살녹 저 길은 결계라도 쳐져있나?세금 살살 녹는다~~ 이게 나라냐!!!,1
1095,19/01/03 14:18,사회적기업 다들 성적 어떻게 나오셨눈징...!!,1
1096,19/01/03 14:18,모던바 에서 알바해본사람있어? 건전하다던데괜찮을까,1
1097,19/01/03 14:21,알바 구하기 너무 힘드네 매일 까이고 돌아오니까 사회에 필요없는 사람 같음,1
1098,19/01/03 14:28,여성가족부 여성가족부는 왜 영문 이름은 Ministry of Gender Equality & Family면서 한문명으론 女性家族部야? 영문에는 여성을 포함하는 단어가 하나도 없는데?,1
1099,19/01/03 14:32,재수강하면 더 점수 받기 힘든가요? 재수강이면 비플이 최대니까 다른 사람들이 에이플 받을만큼 해야 비플이 나오는 건가요? 1학년인데 전공기초가 시플이 떠서 재수강 할 계획인데 섣불리 결정하기가 어렵네요. 혹시나 재수강 했다가 더 낮게 나오면 더 머리 아파지니까요ㅠㅠ,1
1100,19/01/03 14:33,스카이캐슬 누가 알려줬냐 공부해야되는데 이것만 보고있네,1
1101,19/01/03 14:37,전공한개 에프떳는데 재수강하면 지워지나요 ㅜ 에프는 남는다고 들은거같은데 ㅜ,1
1102,19/01/03 14:43,교수님한테 성적 문의 메일 드렸는데 답장이 안와서 수신확인 해보니까 발송중이라고 떴어요!이게 뭘까요...?,1
1103,19/01/03 14:52,읽씹하지마 얘드라 왜그러는거야괜히 트라우마 생겨서 한시간만 답없어도 확인해보게되자나ㅜㅜ,1
1104,19/01/03 14:53,한국 근현대사의 흐름 ㄱㅅㅁ 교수님 성적나오신 있나요??,1
1105,19/01/03 14:58,정신과진료 나중에 불이익 있을까요.?,1
1106,19/01/03 14:58,박미현 교수님 어디 단대이신지 아시는 분..,1
1107,19/01/03 15:01,법정전염병 인플루엔자가 3군 법정전염병이면 A형독감이 법정전염병 아냐?? 겨수님이 A형 독감이 법정전염병아니라 출석인증이 안된다는데....법정전염병 어디서 확인해....??,1
1108,19/01/03 15:01,물리학과 대학원 물리학과 졸업 후 공대 쪽 대학원으로 잘 가나요?,1
1109,19/01/03 15:03,성적 확인에 성적 미입력 미입력 그건 무슨 경우죠 ㅠㅠㅠㅠ????ㅠㅠㅠㅠ한 과목만 그러는데,1
1110,19/01/03 15:06,시간강사 합의 했다는데 이제 성적 나오겠지?,1
1111,19/01/03 15:07,메일 보냈는데 아직 안보셨으면 포기하는게 좋겠죠? ㅠ,1
1112,19/01/03 15:08,"입대 2월18일인데 성적장학금 가능성 있어보여서 등록금 내고 군휴학할려고하는데 등록, 휴학기간이 19일이더라구요... 어떻게 처리해야하나요!?",1
1113,19/01/03 15:12,심심하다 뿌우웅,1
1114,19/01/03 15:13,전공 A0 시간강사인데 메일보내볼까 말까,1
1115,19/01/03 15:14,재료공 여러분 졸업생 취업 현황에서 기업이나 직렬 어떻게 나와요?,1
1116,19/01/03 15:15,3.7로 지원가능한 부전 학과 있을까요..? 전공이 인대라 인대 제외하고는ㅠㅠ뭐가좋을지모르겠어요..,1
1117,19/01/03 15:19,성적 메일보냈는데 망한거야? 시간강사님 강의였는데 명백히 시간강사님은 싱분상 교수님이 아니잖아. 그래서 메일에 호칭을 ooo시간강사님께 ~이렇게 시작해서 쭉 시간강사님이라 호칭으로 보냈는데 내가 무례한거야?  친구들은 다 답장 받았다는데 나만 못받았어 ㅠ 읽으시곤 답장이 없으신데 정말 정중하게 썼어. 근데 저 호칭이 걸리네,1
1118,19/01/03 15:22,노트북 추천좀 해주세용 무게는 상관없고 종합적으로 어떤게 제일 괜찮나요??,1
1119,19/01/03 15:22,성적 변경 제로길래 받아들였는데..갑자기 자고일어나니 성적 하나가 에제로이서 에이쁠로 올랐음 머지???일단조아~~~~~,1
1120,19/01/03 15:26,와 감기기운잇어서 병원왓는데 대기환자 45명임 ㅠㅠ의자없어서 앉지도몬함............다들 아프지마로라,1
1121,19/01/03 15:27,혹시 문관규 교수님 메일 답장 오신 분 있어요??? ㅈㄱㄴ,1
1122,19/01/03 15:28,공대기준 이제2학년 전공vs교양 어느게 학점받기 쉬운거같음??A이상 노력대비 학점,1
1123,19/01/03 15:34,고토ㅂㅈㅅ 교수님 이메일아는사람 성적확인 급하게 해야되서ㅠ,1
1124,19/01/03 15:39,강합니다 추사님! '성적 확인 부탁드립니다.' 라는 제목으로 보낸 메일은 읽지도 않으시고 다른메일 아이디로 '부산대학교 정교수 임용 관련 세부일정 안내' 라는 제목으로 보내니 바로 확인하시네요 ㅋㅋㅋㅋ 당신한테 소중한거 있는것처럼 제자들에게도 소중한게 있는거예요...,1
1125,19/01/03 15:45,현대생활과 화학ㅂㅈㅅ 교수님 다들 성적 어떻게 받으셨나요?? 저만 망했나요 ㅠㅠㅜ,1
1126,19/01/03 15:46,계절 아직 w기간이지? ㅅㅂ 신청해놓긴했는데 아직 승인안돼서 개쫄림,1
1127,19/01/03 15:49,한의학과 학생 한의학에 대해서 영상을 만드는데 인터뷰를 하려합니다!쪽지 주실수있나요~? 소정의 사례 해드리겠습니당...!,1
1128,19/01/03 15:51,"ㄱㅅㅊ교수님 인사행정 에이쁠 받은사람있음???? 있기는 있음,,,,?",1
1129,19/01/03 15:53,고분자공학과 공학개론 김미라교수님 혹시 고분자공학과 김미라교수님 이메일 주소아는분있나요??아무리찾아봐도 안나와서ㅜㅜ,1
1130,19/01/03 16:02,기컴프 ㄱㄱㄷ 교수님 준상대인데 a+ 절평으로 끊었다던데 정정메일 보내신분 있나요?,1
1131,19/01/03 16:04,대학원 가려면 학점 대충 얼마정도 이상으로 유지해야됨? 1학년 총 3.2나왔는디 대학원 가고싶어서 ㅠㅠ,1
1132,19/01/03 16:14,1종 딴 사람 후기 점!!!! 많이 어렵던가요.. 어떠셨어요?,1
1133,19/01/03 16:14,아 고토 성적 언제올라와 기다리기도 지친다.. 시간강사도 아닌 분이 뭐하는지,1
1134,19/01/03 16:20,나름 쾌적하게 공부할수있는 곳 건도랑 해동은 사람도 너무 많고 히터때문에 정신이 헤롱헤롱 거리는데 혹시 부산대에 사람 많이없고 히터도 적당해서 쾌적하게 공부할 수 있는 곳 있을까요 흑흑 카페는 안돼요ㅠㅠ,1
1135,19/01/03 16:20,중고거래할때 택배로 부친다면 돈을 내는게 먼저인가요 물건을 보내는게 먼저인가요??,1
1136,19/01/03 16:21,건도 방학동안 24시간인가요??,1
1137,19/01/03 16:23,면접 특강은 뭐하는거야 ???? 그냥 특강 듣는거??,1
1138,19/01/03 16:38,놀자아아아아아 얘들아 뭐하니,1
1139,19/01/03 16:41,기초스페인어 성적 미입력된거 메일로 문의해본사람??,1
1140,19/01/03 16:44,혹시 도쿄여행가신분! 1.오다이바에서 비너스포트 관람차 자유의여신상 정도 그냥 간단히 둘러볼껀데 시간 얼마나 잡으면 될까요?2.신주쿠나 시부야쪽은 아침보다 저녁에 가는게 더 좋나요?밤 10시 정도까지는 돌아나닐만 하죠?,1
1141,19/01/03 16:47,기관 토플 칠 때 손목시계 필수 인가요? 강의실에도 시계가 있죠?그냥 그걸로도 충분하지 않을까요?,1
1142,19/01/03 16:48,가족의 건강관리 교양 들으신 분 성적 어떻게 받으셨나여,1
1143,19/01/03 16:56,노래방 1시간제로 5천원이 나음? 아니면 천원짜리 5천원치로 노래부르는게나음?,1
1144,19/01/03 16:57,공공정책 부전하시는 분들 계세요? 부전하려고 하는데 발표나 팀플많나요?ㅠㅠ,1
1145,19/01/03 17:02,경제부전 ㄱㄴ? 수학 잘 모르고 문과임따라갈수있음?,1
1146,19/01/03 17:15,"그 머냐 공익광고중에 ""불법촬영물을 보는거 만으로도 추악한 성범죄에 가담하는 것입니다""이거 보다가 생각난 건데그럼 1000원짜리 커피사먹는건 반인륜적노동착취에 가담하는건가?맞네 시발",1
1147,19/01/03 17:19,"여성가족부 이름 정리 요약: 차별이라고 말 나오니까 영문은 Gender Equality라고 했지만 한번도 공식 문건에서 如(같을 여)자를 쓴적이 없다.+tmi. 如자는 '평등이라는 뜻의 같다'가 아니라 'like, such as의 같다' 이다.ex) 如性부 : '성(性)과 같은 부서'의외로 모르는 사람들 많아서 들고옴",1
1148,19/01/03 17:26,비에서 비쁠 올려달라고 찾아갔는데!!! 실패...호엥....ㅠㅠㅠㅠㅠㅠㅠㅠ,1
1149,19/01/03 17:34,"점수올려달라고 교수님께 부탁하는거보면 대학은 역시 취업을 위한 빌드업이구나싶음족보안보는게 멍청한거고 점수올려달라 부탁안하는게 멍청한 놈이고이래놓고 외모,학연,혈연때문에 취업못하면 자기잘못이라 생각안하고 남탓하겠지",1
1150,19/01/03 17:35,후... 내년부터는 열심히 살자,1
1151,19/01/03 17:36,성적 올려달라는 메일 어떤식으로 작성해야함? 첨해봐서..,1
1152,19/01/03 17:42,기컴프 B0 정해진 비율 없지않나 씨쁠에서 비제로로 올려달라하면 올려주실까ㅜㅜㅜ,1
1153,19/01/03 17:47,교직이수 신청 할 때 신청서 어떡해?? 학과 홈페이지 들어가서 작년공지도 봤는데 잘 모르겠어서..교직이수 신청서 자필로 써야 돼?? 그리고 학과장 싸인은 직접받아야 되는거야??,1
1154,19/01/03 17:47,보통 전출컷은 몇으로형성되나요? 전출하신분들 과랑 학점좀 물어봐도될까요?답하기힘들면 쪽지라도..,1
1155,19/01/03 17:47,인천공항 다이닝 이용권 팔아요~~!!! 인천공항 명가의 뜰(1터미널 한식)이나 빌라드 샬롯(2터미널 양식)에서 16000~20000원 가격의 식사 메뉴를 선택해 드실 수 있는 다이닝 이용권 각 만원씩 두장 팔아요!! 1월 31일까지 사용해야하는데 제가 공항 갈 일이 없어서요ㅠㅠ편하게 쪽지 주세요~,1
1156,19/01/03 17:49,욕망과철학 ㅎㅂㅇ교수님 성적 메일 보내야 알려주시나요 보내신 분 계신가요,1
1157,19/01/03 17:49,켈리 교수님 성적올려주실까?? 로버트 켈리 교수님 쁠채워 달라고 메일 보내면 해주실까...?ㅠ,1
1158,19/01/03 17:50,학고 학점 몇부터 학고인가요,1
1159,19/01/03 17:51,학원 상담 받으러 갔는데 선생님이 너무 불친절해서 다닐까 말까 고민 중이야배우고 싶긴 한데ㅠ,1
1160,19/01/03 17:53,성적메일보내기 개꿀팁 1. 신년인사2. 자기소개3. 교수님의 수업에 대한 장점4. 자신의 노력부족으로 인한 점수5. 윗등급과의 상대적차이여부6. 한 해 동안의 수고스러움 전달7. 마지막 인사와 건강관리,1
1161,19/01/03 17:56,기컴프 에이제로ㅠㅜ 플러스 채워주시지.. 속상..,1
1162,19/01/03 17:59,이시간에 교수님한테 문의 보내는거 ㄱㅊ? 어떻게 생각함,1
1163,19/01/03 18:02,사회적기업 씨쁠동기 있나요 ㅈㄱㄴ,1
1164,19/01/03 18:04,일선 언제듣나요? 언제부터 들으세요?,1
1165,19/01/03 18:04,요가와 선 성적 이의를 교수님 메일로 하라고 문자ㅏㄱ왔는데 성적이 아예 입력자체가 안됐거든..? 교수님한테 입력이 안됐다고 메일 보낼까?,1
1166,19/01/03 18:05,부산대 근처 미용실 추천해주세요 남자 헤어컷하려고 하는데 괜찮은 곳 있나요?,1
1167,19/01/03 18:06,이ㅔ제한과목 남았다 고토야 제발요ㅜㅜㅜ,1
1168,19/01/03 18:09,남자분들 풀업 솔직히 몇개 가능한지 답변좀,1
1169,19/01/03 18:09,아 쁠좀 붙여주지 ㅅㅂ ㅠㅠㅠㅠㅠ ㅠㅠㅠㅠㅜㅜc0나 c+이나 ㅠㅠㅠㅜㅠㅠㅅ1바아아아알,1
1170,19/01/03 18:10,성적메일 보냈는데 두근두근 성적메일 보내고 2분만에 읽으심 ㄷㄷ,1
1171,19/01/03 18:10,일어1 ㅇㅇㅇ교수님 메일아시는분ㅠㅠ ㅈㄱㄴ,1
1172,19/01/03 18:30,학생증 학생증 잃어버려서 재발급하고싶은대 어떻게하나요?,1
1173,19/01/03 18:31,고토씨플 재수강해야할까 ..? 이미 기컴프도 씨플인데 안고갈건데 ... 교필이젤싫다 하,1
1174,19/01/03 18:34,재수강 B0여도 재수강 할수있죠?,1
1175,19/01/03 18:34,국어 문법 인강 추천해줄 사람?? 사촌동생이 이번에 고등학교 들어가서 이것저것 물어보는데 인강을 안들어서 모르겠어ㅠㅠㅠ그렇다고 학원 다니라고 할 수도 없고ㅠㅠ빡시게 꼼꼼하게 잘 가르쳐주시는 인강강사 추천 좀 해주라,1
1176,19/01/03 18:38,기컴프 총점 78점인데 반2등 반을 잘 만났구나 ㅋㅋㅋㅋ,1
1177,19/01/03 18:45,계란찜 전자레인지로 만들고 싶은데 그릇에 좀 달라붙는다해야하나? 설거지할때 힘들어서ㅠㅠ혹시 안달라붙게하는 방법 아는 새럼~!참기름바르고 할까?,1
1178,19/01/03 18:56,내점수가ㅅㅂㅋㄱㅋㄱㅋㅋㅋ 유학생보다 낮댘ㅋㅋㄱㅋㄱㅋㅋ할말이없네..받아들이겠습니다 교수님,1
1179,19/01/03 18:59,요번에 공대 3학년 웅비관 넣으면 몇정도 되야 할까요 네,1
1180,19/01/03 19:02,몽골어 몽골어 교수님 메일 왜 안 보시지....,1
1181,19/01/03 19:04,정보전산원 쓰려면 정보전산원쓰려면 학번이랑 주민번호 앞자리 필요해?,1
1182,19/01/03 19:09,신재민 네이버 실검에 신재민 1위였다가 바로없어졌는데 이런게 언론조작아닌가요?ㅋㅋㅋ,1
1183,19/01/03 19:12,난 성적 올려달라고 메일 쓰고 싶어도 다 쁠 붙어있어서 써봤자 올라갈 리가 음슴,1
1184,19/01/03 19:24,한 교수님한테 성적 관련 메일 두번 보내는거 어떻게 생각하시나요?등수 궁금한데 그걸 안여쭤봤어요...,1
1185,19/01/03 19:27,한국음악과영화 성적 수업들으신분 다들 성적 어때요???방금 확인했는데 너무 낮아서 내 눈을 의심함,1
1186,19/01/03 19:27,긱사 4학년을 제일 많이 안뽑나????ㅠㅠㅠ,1
1187,19/01/03 19:34,방학때도 경암 헬스장 하지? 계절 마치고 운동하러 가려는데,1
1188,19/01/03 19:41,고급영문독해 영문과인데 고영독 수업 들으면 일선으로 넘어가나요??,1
1189,19/01/03 19:44,니 실력이 아니라 노오력이 부족해서 성적 못줫다는데 이 말에 어케 생각함? 생각할수록 개빡치는데 ㅋ..,1
1190,19/01/03 19:45,국장2 언제 주냐.... 학교 전달햇다는데 시벌 나헌테언제 줘...,1
1191,19/01/03 19:46,지방인재 장학금 걍 지방에서 고등학교 나오고 부대 오면 다 주는거?,1
1192,19/01/03 19:51,국가장학재단 생활비대출 홈페이지 아무리 뒤져도 기간 없는데기간 아시는분 있나요?,1
1193,19/01/03 19:57,아 제발 쁠 좀 붙여주세요..,1
1194,19/01/03 19:58,한국사 검정시험 무슨 강의듣고 공부했어?,1
1195,19/01/03 19:58,학점이월 어떤식으로 되나요? 성적 몇점이상이면 23점 들을수잇다고 그랫던거같은데?!,1
1196,19/01/03 20:07,메일 보냈는데 아깝게 비쁠 뜬 걸 알았어..한 명 차이로 에이쁠을 놓쳤다구...ㅠㅠㅠㅠㅠㅠ퓨,1
1197,19/01/03 20:08,몬스터 처음 마셔봤는데 그냥 핫식스잖어..뭔가 에너지가 올라간단 느낌도 없고Hmm,1
1198,19/01/03 20:12,넥슨 매각 각이여? 빠른손절하긴 했는데 얘네 넘어가면 진짜 꿈도희망도없는데 이젠 흠...,1
1199,19/01/03 20:22,손절 칼같이 어떻게 딱 잘라?,1
1200,19/01/03 20:26,과외ㅜ 이제고2인데 영어모의고사가5등급이고 아예기초가 없는것 같은데 어떡해야되지ㅜㅜ,1
1201,19/01/03 20:30,수학1 들어보신분! 내년 1학기에 수학1 들어야하는데 교재 어떤거 사용하나요?책방보니까 표지도 다르고 개정판이라고 적힌 것도 있단데...,1
1202,19/01/03 20:31,너무 아파 병원 갔다왔는데 2시부터 계속 앓고있다 자취방에 혼자있는데 너무 힘들어머리도 아프고 약먹어야하는데 밥먹으면 토할거 같아서 약도 못먹었어..밤새서 해야되는일도 있는데 너무 슬프고 그냥 눈물만 닌다ㅠ,1
1203,19/01/03 20:32,지역인재 장학금 10분위라도 신입생때 신청하고 수능 점수 조건 맞춘거면 다 받는거?,1
1204,19/01/03 20:36,교수되려면 인문대교수되려면 복전 부전 이런거 필수에어??,1
1205,19/01/03 20:42,좀 도와줘ㅜㅜ 이번에 과외하는데 고2올라가는데 아예 기초도 없는것 같은데뭐부터 시작하지?!시범강의때 뭐하지ㅜㅜㅜㅜ모의고사도 8등급이래ㅜㅜㅜㅜㅜ어쩌지ㅜ좀도와즈라ㅡㅡ,1
1206,19/01/03 20:49,문화로보는 서양의역사 문화로 보는 서양의 역사 ㅇㅇㅎ교수님 아직까지 성적 미입력으로 뜨는데 혹시 사정 아시는 분 있나요.......? 혹시 파업 참가 중이시라면 메일로 성적 여쭤봤을 때 답장 주시나요....?,1
1207,19/01/03 21:00,성적 등수확인은 어디에서 하는거야?.? 학지시는 안뜨는뎅,1
1208,19/01/03 21:10,엔화 사요! 1월 말에 일본여행을 가게 되어서 엔화 사봅니당! 🥺 적은 금액도 괜찮고 최대 6만엔까지 사봐용!,1
1209,19/01/03 21:11,hsk 준비하려는데 인강 추천 좀 해줘,1
1210,19/01/03 21:11,타과전공들을려면 수강신청을 어떻게 해야해요?학과를 내 학과가 아니라 다른 학과를 선택하고 들어야하나요?,1
1211,19/01/03 21:15,자유관 행정실 문 몇시에 열어..ㅠ,1
1212,19/01/03 21:21,드라마 추천 진짜 재밌는거 뭐 없나 ㅠㅠ 스카이캐슬이랑 남자친구 보는중이고 다들 재밌다는 황후의 품격 보보경심려 다 시도했는데 난 별로였움 ㅠㅠㅠ,1
1213,19/01/03 21:23,집착 개오지는 여자 만나고싶다 1분마다 어디야? 연락안해? 진짜 죽고싶어? 이래주는 여자..,1
1214,19/01/03 21:25,계과 일선은 뭐들어야되나요??뭐 교양은 정해진거 들어야되고 그나마 6학점 있는 일선도 정해진거 들어야되는걸로 아는데일선은 뭐들어야되나요..? 교양은 교육인증원꺼 들으면 되는데 일선은..잘 모르겠네요ㅠㅜ,1
1215,19/01/03 21:26,디톡스 중 너어어어어무 배고파아아아아아아,1
1216,19/01/03 21:26,아니 요가와 선 교수님 이메일 아시는분 문자가 왔는데 이메일이 틀렸다고 하네..,1
1217,19/01/03 21:28,점공도 안해보고 바로찔러버림 지낚사 허수 나야나,1
1218,19/01/03 21:29,기숙사 짐 미리 보내놔도될까요? 28일이 입사 시작인데 미리보내도 될까여?,1
1219,19/01/03 21:34,멘토링 얼마정도 받아?,1
1220,19/01/03 21:41,plms로 대화하기하면 교수님이 확인하나요 교수님 이메일 지워버려가지고 이메일 모르는데 plms 대화로 보내면 확인해주시나요?,1
1221,19/01/03 21:48,영상과영미문화 ㅅㄴㅇ교수님 혹시 에이 받으신분 계신가요,1
1222,19/01/03 21:50,오경환교수님 메일주소 아시는분?? 교수계획표에는 전화번호밖에 안적혀있어서 부대 일어일문학과 사이트 들어가서 거기있는 걸로 보냈는데 그런 주소가 없다면서 안보내지네요ㅠㅠ ohbeer@pusan.ac.kr,1
1223,19/01/03 21:50,기계과 3-2 4.15인데 장학금 얼마나 받을러나..? 이번에 좀 잘나와서 부모님 부담좀 줄여드리고 싶은데 ㅠ 혹시 아는사람있낭? 보통 50정도는 받던데 3.5든 3이든 4.15정도면 얼마정도 받을러나 ㅠ,1
1224,19/01/03 21:58,A0인데 메일 보내는거 에바?,1
1225,19/01/03 21:59,A인데 메일 보내서 쁠 달린 사람 있나 나는 괜히 메일 보냈다가 내려갈까봐 무서워서 못 하는 중이야,1
1226,19/01/03 22:04,세계를 바꾼 음식 교수님 왜 성적 입력 안해주심?!! 비정규직 아니지 않나?,1
1227,19/01/03 22:05,21살 여자 생일선물 추천 좀 해주세요,1
1228,19/01/03 22:07,대실영 싸강도 다듣고 오프 1번 결석에 발표 대본 보고 읽고 CBT 34 36 받았는데 B+이면 평타인거야...? 나름 CBT잘쳤다고 생각했는데... A 50퍼이상 주는거아냐...? 걍 받아들여야하나ㅠㅠㅠㅠ,1
1229,19/01/03 22:08,만약에 티비설치안돼있는 원룸인데 tv보려면 tv구입하고 통신사랑 계약하고 월마다 돈내고 해야하는거??,1
1230,19/01/03 22:09,국장인센티브 내역에떴다 672000원ㅋㅋㅋㅋㅋㅋ 개꾸르~~,1
1231,19/01/03 22:10,경제수학 ㅈㅎㅇ 교수님 메일 답장 오신분 있나요? 아직까지 안읽음 으로 뜨는데 답장 오신분 계신가요,1
1232,19/01/03 22:10,크아할사람 댓!! .,1
1233,19/01/03 22:21,피나치공 옆 베스아이 사시는분 여쭤볼게 있어서 그런데 댓글 좀 달아주세요ㅠㅠ,1
1234,19/01/03 22:23,신천지 체험해보신분 있나요? 진짜 가까운사람이 신천지에 빠져가지고..대체 뭔짓을하길래 세뇌가 되는지...,1
1235,19/01/03 22:27,공무원 시험 대충 언제부터 준비해?난이도는 어느정도가 적정? 감을 못잡겠어 ㅠㅠ,1
1236,19/01/03 22:30,남자 긱사 1학기 4.052학기 4.25제일 좋은 장전 긱사 가능?밀캠 재학 중 학생임그리고 내일 부터 신청기간인걸로 아는데신청하고 취소하면 환불 가능하지?,1
1237,19/01/03 22:31,대실영 데이비드 어제 오전에 성적문의 메일썼는데 아직도 안읽으심....어떻게하지?,1
1238,19/01/03 22:33,휴학하고 복학하면 이월학점이나 성적 잘 받아서 3학점 추가되는거 다 없어지나요??,1
1239,19/01/03 22:43,근데 성적이 바뀌면 웹메일이나 학생지원시스템 알람같은데 와야 정상아닌가 1학기때 막판 마지막 정정기간날 오후 6시 되기 1시간전 보니 분명 그날 정오까지 비플이었던 교양 하나가 에이제로로 격상됬는데확인해서 망정이지 확인 안했으면 최종 성적 이관 될 때 볼 수 있었겠지.근데 나같은경우는 긍정적으로 바뀌어서 망정이지성적 정정기간에 처음 며칠만 보고 이후 안보다가 부정적으로 바뀌어 성적 확정되고 이관되버린다면 항의할 길이 없잖아. (뭐 그래서 계속 하루에도 몇번 들어가서 본다만) 성적이 바뀌면 연락이 와야하는거 아닌가학생처 051-510- ~~~~에서 자주 보내는 봉사활동이나 활동관련 정보 문자오는 것도 필요하지만 민감한 성적 분야에서도 문자알림이 필요하지 않나,1
1240,19/01/03 22:44,이어폰 어디에서 파는지 아는사람 걍 평타치는거 당장필요해서ㅠ이어폰추천해주면 더 땡큐♡♡,1
1241,19/01/03 22:44,크으 교수님들 농사 잘짓너 온통 씨밭이네 씨벌,1
1242,19/01/03 22:44,아직까지 미입력된과목 있는사람? 후 ㅈㄴ피말리네,1
1243,19/01/03 22:45,공대에서공대로전과하신분 질문드려도될까요??쪽지주시면 정말감사하겠습니다학우님들의 도움이필요해요!,1
1244,19/01/03 22:53,서면 모바일학생증 되는데 업나여?? 제발 ㅠㅠ,1
1245,19/01/03 23:04,진짜 졸업하기 전에 한 번이라도 4점대가고 싶다 맨날 성적 나오는 시기에 맞춰서 혼자 반성ㅇㅈㄹ하다가 막상 시험기간엔 또 공부안하고 간절함없지 병신 나새끼 ..,1
1246,19/01/03 23:08,10학점 미만 신청시 등록금! 안녕하세요. 10학점 미만으로 학교를 다니는 건 등록금을 얼마나 납부하게 되나요?4-2학기에 4학점만 신청해서 학교다닐까 생각을 하고 있어요. 그리고 4학점만 신청해서 다니는 건 국가장학금에 해당안되는거죠?? 학생지원시스템에 알아보니깐 수업연한초과 후 졸업학점을 신청하는 거 봐서는 이거는 9학기째부터인것 같은데... 아시는 분 계시면 설명 부탁드려요!! ㅠㅠ,1
1247,19/01/03 23:11,cbt 신청기간 언젠지 아는사람잇어??,1
1248,19/01/03 23:13,계절 경제사개설 7일 부터 법학관 몇 호에서 하는 지 아시는분 있나요?,1
1249,19/01/03 23:18,ㅅㅣ지브이에 7번방의 선물 한다 헤헤,1
1250,19/01/03 23:23,제이슨 메일 주소 아시는 분?? 제이슨한테 메일 보내본 사람 있나요,1
1251,19/01/03 23:27,국장 인센티브가 뭐임??? 이거 통장으로 들어오는거야 뭐야?,1
1252,19/01/03 23:30,plms 아이디 안쳐도 쓸수있는 컴터실 있나요? 도서관은 다 필요하던데,1
1253,19/01/03 23:31,재입학 기준이 뭐에요?? ㅈㄱㄴ,1
1254,19/01/03 23:32,국장 인센티브 9분위는 못받음? 받으신 분 있나요?,1
1255,19/01/03 23:34,틀특) 효원굿플러스에 소녀시대 gee 행사 구경함 아 세월이 무상하구나,1
1256,19/01/03 23:35,기숙사신청 하고 취소가능한가요? 군대가 1월 말에 합격인지 아닌지ㅠ나와서 .,1
1257,19/01/03 23:38,부전 근데 부전은 아무런 메리트가 없는거?그냥 지식쌓기용?,1
1258,19/01/03 23:39,전산실도 학교 아이디랑 비번 쳐야지 컴터 이용가능한가요? 문과는 못쓰나요? 밤12시까지 여는거맞죠?,1
1259,19/01/03 23:47,내일 여친이랑 놀거추천좀 부대아니어도됨 영화말고 추천 해주세용♥,1
1260,19/01/03 23:49,국장 인센티브 개꿀~~ 8분윈데 전장이다,1
